/*
 Navicat Premium Data Transfer

 Source Server         : localhost_3306
 Source Server Type    : MySQL
 Source Server Version : 50557
 Source Host           : localhost:3306
 Source Schema         : vtdata

 Target Server Type    : MySQL
 Target Server Version : 50557
 File Encoding         : 65001

 Date: 02/05/2019 17:58:05
*/

SET NAMES utf8mb4;
SET FOREIGN_KEY_CHECKS = 0;

-- ----------------------------
-- Table structure for category
-- ----------------------------
DROP TABLE IF EXISTS `category`;
CREATE TABLE `category`  (
  `cid` varchar(32) CHARACTER SET utf8 COLLATE utf8_general_ci NOT NULL,
  `cname` varchar(20) CHARACTER SET utf8 COLLATE utf8_general_ci NULL DEFAULT NULL,
  PRIMARY KEY (`cid`) USING BTREE
) ENGINE = InnoDB CHARACTER SET = utf8 COLLATE = utf8_general_ci ROW_FORMAT = Compact;

-- ----------------------------
-- Records of category
-- ----------------------------
INSERT INTO `category` VALUES ('1', '本科');
INSERT INTO `category` VALUES ('2', '专科');
INSERT INTO `category` VALUES ('3', '985高校');
INSERT INTO `category` VALUES ('4', '211工程');
INSERT INTO `category` VALUES ('5', '分不高质量高');

-- ----------------------------
-- Table structure for college
-- ----------------------------
DROP TABLE IF EXISTS `college`;
CREATE TABLE `college`  (
  `pid` varchar(32) CHARACTER SET utf8 COLLATE utf8_general_ci NOT NULL,
  `pname` varchar(50) CHARACTER SET utf8 COLLATE utf8_general_ci NULL DEFAULT NULL,
  `market_line` double NULL DEFAULT NULL,
  `now_line` double NULL DEFAULT NULL,
  `pimage` varchar(200) CHARACTER SET utf8 COLLATE utf8_general_ci NULL DEFAULT NULL,
  `is_hot` varchar(200) CHARACTER SET utf8 COLLATE utf8_general_ci NULL DEFAULT NULL,
  `pdesc` varchar(2550) CHARACTER SET utf8 COLLATE utf8_general_ci NULL DEFAULT NULL,
  `pflag` int(11) NULL DEFAULT NULL,
  `cid` varchar(32) CHARACTER SET utf8 COLLATE utf8_general_ci NULL DEFAULT NULL,
  `pdate` varchar(100) CHARACTER SET utf8 COLLATE utf8_general_ci NULL DEFAULT NULL,
  PRIMARY KEY (`pid`) USING BTREE
) ENGINE = InnoDB CHARACTER SET = utf8 COLLATE = utf8_general_ci ROW_FORMAT = Compact;

-- ----------------------------
-- Records of college
-- ----------------------------
INSERT INTO `college` VALUES ('10', '北京大学', 660, 675, 'products/1/bd01.png', '1', '北京大学创于1898年，初名京师大学堂，是第一所国立综合性大学，也是当时中国的最高教育行政机关。辛亥革命后，于1912年改为现名。 \r\n　　作为新文化运动的中心和“五四”运动的策源地，作为中国最早传播马克思主义和民主科学思想的发祥地，作为中国共产党最早的活动基地，北京大学为民族的振兴和解放、国家的建设和发展、社会的文明和进步做出了不可代替的贡献，在中国走向现代化的进程中起到了重要的先锋作用。爱国、进 步、民主、科学的传统精神和勤奋、严谨、求实、创新的学风在这里生生不息、代代相传。 \r\n　　1917年，著名教育和民主主义革命家蔡元培出任北京大学校长，他“循思想自由原则、取兼容并包之义“，对北京大学进行了思想解放和学术繁荣，北京大学从此日新月异。陈独秀、李大钊、毛泽东以及鲁迅、胡适等一批杰出人才都曾在北京大学任职或任教。 \r\n　　1937年卢沟桥事变后，北京大学与清华大学、南开大学南迁长沙，共同组成长沙临时大学 。1938年初，临时大学迁往昆明，改称国立西南联合大学。西南联大汇聚三校菁华，以刚毅坚卓精神，维系中华教育命脉。抗战胜利后，北京大学返回故园，于1946年10月正式复学。 ', 0, '4', '1952-10-01');
INSERT INTO `college` VALUES ('100', '北京大学', 660, 675, 'products/1/bd01.png', '1', '北京大学创于1898年，初名京师大学堂，是第一所国立综合性大学，也是当时中国的最高教育行政机关。辛亥革命后，于1912年改为现名。 \r\n　　作为新文化运动的中心和“五四”运动的策源地，作为中国最早传播马克思主义和民主科学思想的发祥地，作为中国共产党最早的活动基地，北京大学为民族的振兴和解放、国家的建设和发展、社会的文明和进步做出了不可代替的贡献，在中国走向现代化的进程中起到了重要的先锋作用。爱国、进 步、民主、科学的传统精神和勤奋、严谨、求实、创新的学风在这里生生不息、代代相传。 \r\n　　1917年，著名教育和民主主义革命家蔡元培出任北京大学校长，他“循思想自由原则、取兼容并包之义“，对北京大学进行了思想解放和学术繁荣，北京大学从此日新月异。陈独秀、李大钊、毛泽东以及鲁迅、胡适等一批杰出人才都曾在北京大学任职或任教。 \r\n　　1937年卢沟桥事变后，北京大学与清华大学、南开大学南迁长沙，共同组成长沙临时大学 。1938年初，临时大学迁往昆明，改称国立西南联合大学。西南联大汇聚三校菁华，以刚毅坚卓精神，维系中华教育命脉。抗战胜利后，北京大学返回故园，于1946年10月正式复学。 ', 0, '1', '1952-10-01');
INSERT INTO `college` VALUES ('101', '清华大学', 702, 682, 'products/1/qh01.png', '1', '清华大学（Tsinghua University）是中国著名高等学府，坐落于北京西北郊风景秀丽的清华园。是中国高层次人才培养和科学技术研究的重要基地之一。\r\n　　清华大学的前身是清华学堂，成立于1911年，当初是清政府建立的留美预备学校。1912 年更名为清华学校，为尝试人才的本地培养，1925 年设立大学部，同年开办研究院（国学门），1928年更名为“国立清华大学”，并于1929年秋开办研究院，各 系设研究所。1937年抗日战争爆发后，南迁长沙，与北京大学、南开大学联合办学，组建国立长沙临时大学，1938年迁至昆明，改名为国立西南联合大学。1946年，清华大学迁回清华园原址复校，设有文、法、理、工、农等5 个学院，26 个系', 0, '1', '1912-01-01');
INSERT INTO `college` VALUES ('102', '中国人民大学', 671, 648, 'products/1/rm01.png', '0', '中国人民大学是一所以人文社会科学为主，兼有部分理工学科的综合性研究型全国重点大学。学校的前身是1937年诞生于抗日战争烽火中的陕北公学，以及后来的华北联合大学、北方大学和华北大学。1950年10月3日，以华北大学为基础的中国人民大学正式成立，成为新中国创办的第一所新型大学。著名教育家吴玉章、成仿吾、袁宝华、黄达、李文海先后担任校长。现任校长为纪宝成教授，党委书记为程天权教授。自成立之日起，中国人民 大学广大师生发扬“始终奋进在时代前列”的优良传统，与党和国家同呼吸、共命运，勤俭办学，艰苦奋斗，积极探索，求真务实，使学校成为我国人文科学、社会科学、管理科学教育研究的重要基地，为马克思主义在中国的传播和普及，为我国哲学社会科学的发展和繁荣，为我国社会主义革命、建设和改革事业的发展做出了重要的贡献，被誉为“我国人文社会科学高等教育领域的一面旗帜”。', 0, '1', '1937-02-02');
INSERT INTO `college` VALUES ('103', '北京师范大学', 665, 660, 'products/1/bjsf.png', '1', '北京师范大学是一所以教师教育、教育科学和文理基础科学为主要特色的著名学府。2002年9月8日，在人民大会堂举行建校100周年庆祝大会。江泽民等党和国家领导同志出席庆祝大会。江泽民同志在会上充分肯定了百年北师大的办学成就，并强调实施科教兴国战略，大力推进教育创新。面向新世纪，北京师范大学确立了建设综合性、有特色、研究型世界知名高水平大学的奋斗目标。 　　\r\n　　100年以前，清末戊戌变法因“需材孔亟 ”，开启民智，改变中国屡受列强欺凌的状况，在当时中国最高学府和最高教育行政机关的京师大学堂设立了师范馆，成为北京师范大学的前身和中国高等师范教育的发端。百余年的文化积淀，百余年的开拓进取。在一个多世纪的办学历程中，北京师范大学形成了以对祖国未来和民族命运的高度责任感为核心的“爱国进步、诚信质朴、求真创新、为人师表”的优良传统和“学为人师 行为世范”的校训。今天的北京师范大学，学科门类齐全、名师名家荟萃、研究实力雄厚、对外交流广泛、教学质量领先，是国家的重要人才培养基地、学术研究前沿、文化交流窗口和新知识、新思想、新理论的摇篮。北京师范大学以辈出的人才和不斐的实力，稳居全国高校前列。 ', 0, '1', '2002-02-02');
INSERT INTO `college` VALUES ('104', '北京航天大学', 663, 653, 'products/1/bjht.png', '0', '北京航空航天大学（简称“北航”，原名北京航空学院，1988年更名）创办于1952年10月，由当时清华大学、北洋大学等8所著名大学的航空院系合并而成。学校地处北京中关村高科技核心区，毗邻国家奥林匹克体育中心，是新中国第一所重点航空高等院校。\r\n　　早在20世纪50年代初，北航就被国家首批确定为全国15所重点大学之一；80年代中期，被列入国家\"七五\" 重点建设的15所高校行列，是我国首批具有博 士、硕士学位授予权并成立研究生院的高校之一；90年代，被确定为国家“八五” 重点建设的14所高校之一，并成为国家首批获准立项进入“211工程”建设的前15所大学之一。世纪之交，被教育部纳入国家“面向21世纪教育振兴行动计划”，成为国家重点建设的国际知名高水平研究型大学之一。2001年9月23日，国防科工委、教育部、北京市人民政府签署重点共建北航协议，国防科工委、中国工程院签署共建协议，联手共助北航发展腾飞。', 0, '1', '1952-10-01');
INSERT INTO `college` VALUES ('105', '同济大学', 599, 668, 'products/1/tjdx1.png', '1', '同济大学是教育部直属重点大学。她创建于1907年，早期为德国医生在上海创办的德文医学堂，取名\"同济\"意蕴合作共济。1912年增设工学堂，1923年被批准改名为大学，1927年正式定为国立同济大学。抗战期间曾内迁经浙、赣、滇入川，1946年回迁上海并发展为以拥有理、工、医、文、法五大学院著称海内外的综合性大学。1952年院系调整后，同济大学成为国内土木建筑领域最大、专业最全的工科大学。1978年经中 央批准恢复对德交流，在中科院学部委员李国豪校长领导下实行“两个转变”，即由土木为主的理工科大学向理工为主的多科性大学转变，由国内普通高校向作为中外文化交流“窗口”之一的国际性大学转变，从而迅速恢复和发展成为一所以工为主、理工结合，经、管、文、法各具特色的多科性大学。1995年实现由教育部和上海市“共建”，1996年并入了原上海城市建设学院和上海建筑材料工业学院，被国务院领导赞为高校体制改革中的\"同济模式\"。2000年4月又与上海铁道大学合并，组建成新的同济大学。目前是一所拥有理、工、医、文、法、哲、经济、管理、教育9大学科门类的综合性大学。作为研究型大学，学校是首批被国务院批准成立研究生院的高校之一；作为全国重点大学，学校被列入国家财政立项资助的\"211工程\"和国家教育振兴行动计划与地方重点共建的高水平大学行列。', 0, '1', '1952-10-01');
INSERT INTO `college` VALUES ('106', '天津大学', 520, 587, 'products/1/tjdx.png', '0', '天津大学是教育部直属国家重点大学，其前身为北洋大学，始建于1895年10月2日，是中国第一所现代大学，素以“实事求是”的校训享誉海内外。1951年经院系调整定名为天津大学，是1959年中共中央首批指定的16所国家重点大学之一，是“211工程”、“985工程”首批重点建设的大学。经过几代人的不懈努力，天津大学现已成为一所师资力量雄厚，学科特色鲜明，教育质量和科研水平较高，居于国内一流水平，在国际上有 较大影响的大学。\r\n　　天津大学的发展一直受到党和国家的关怀和重视，几代党和国家领导人毛泽东、周恩来、邓小平、江泽民、胡锦涛、李鹏、李瑞环、李岚清、贾庆林、习近平等都曾亲临学校视察。2000年天津大学成为国家在新世纪重点投资建设的若干所国内外知名高水平大学之一。国家十一五规划进一步明确地把推进天津滨海新区开发开放纳入国家发展战略布局，这无疑给了天津市和天津大学一个腾飞的机遇。', 0, '1', '1952-10-01');
INSERT INTO `college` VALUES ('107', '\r\n上海交通大学', 599, 599, 'products/1/shjt.png', '0', '上海交通大学是我国历史最悠久的高等学府之一，是教育部直属、教育部与上海市共建的全国重点大学，是国家\"七五”\"八五\"重点建设和“211工程”、“985工程”的首批建设高校。经过百余年的不懈努力，上海交通大学已经成为一所“综合性、研究型、国际化”的国内一流、国际知名大学，并正在向世界一流大学稳步迈进。\r\n　　19世纪末，甲午战败，民族危难。盛宣怀先生和一批有识之士秉持“自强首在储才，储才必先兴学”的信念 ，在上海创办了交通大学的前身——南洋公学。建校伊始，学校即坚持“求实学，务实业”的宗旨，以培养“一等人才”为目标，精勤进取，笃行不倦，在20世纪二、三十年代已成为国内著名的高等学府，被誉为“东方的MIT”。抗战时期，广大师生历尽艰难，内迁重庆，坚持办学，不少学生投笔从戎，浴血沙场。解放前夕，广大师生积极投身民主革命，学校被誉为“民主堡垒”。新中国成立初期，为配合国家经济建设的需要，学校调整出一批优势院系、学科，支持国内兄弟院校的发展；五十年代中期，学校响应国家建设大西北的号召，历经西迁、两地办学、独立办学等变迁，为构建新中国的高等教育体系，促进社会主义建设做出了重要贡献。六、七十年代，学校先后归属国防科工委和原六机部领导，积极投身国防科研和国防人才培养，为“两弹一星”和国防现代化做出了巨大贡献。', 0, '1', '1952-10-01');
INSERT INTO `college` VALUES ('108', '\r\n复旦大学', 599, 699, 'products/1/fddx.png', '0', '复旦大学创建于1905年，原名复旦公学。“复旦”二字由创始人、中国近代知名教育家马相伯先生选定，选自《尚书大传-虞夏传》中“日月光华，旦复旦兮”的名句，意在自强不息，寄托当时中国知识分子自主办学、教育强国的希望。\r\n　　复旦大学经历近百年的沿革。1917年复旦公学改名为私立复旦大学，下设文、理、商三科以及预科和中学部。1937年抗日战争爆发后，学校内迁重庆北碚， 并于1941年改为“国立” 。1946年学校迁回上海江湾原址。到1949年学校已设立文、理、法、商、农五院20多个系（科）。鲁迅、郭沫若、邹韬奋、老舍、竺可桢、马寅初等著名学者曾到校演讲或任教。1950年高校初步进行院系调整，复旦大学的海洋系并入山东大学；上海暨南大学的文、法、商三院，同济大学的文、法两院，以及浙江大学、英士大学的部分系科并入复旦大学。1952年秋全国高校院系调整，复旦大学的法学院、商学院、农学院调出，分别成立了华东政法学院、上海财经学院和沈阳农学院；而华东地区的浙江大学、交通大学、南京大学、安徽大学、金陵大学、圣约翰大学、沪江大学、震旦大学、大同大学、光华大学、大夏大学、上海学院、中华工商专科学校、中国新闻专科学校等高等院校的文、理科有关系科并入复旦大学。二十世纪80年代以后，尤其是通过国家教育部和上海市共同建设，以及“七五”、“八五”和“九五”的重点建设，复旦大学逐步发展成为一所人文科学、社会科学、自然科学、技术科学以及管理科学在内的多科性研究型综合大学。2000年4月27日上海医科大学与复旦大学强强合并，成立新的复旦大学。如今的复旦大学，学科门类更为齐全，综合实力更加强大。', 0, '1', '1952-10-01');
INSERT INTO `college` VALUES ('109', '\r\n武汉大学', 599, 569, 'products/1/whdx.png', '1', '江城多山，珞珈独秀；山上有黉，武汉大学。\r\n　　武汉大学是国家教育部直属重点综合性大学，是国家“985工程”和“211工程”重点建设高校。\r\n　　武汉大学溯源于1893年清末湖广总督张之洞奏请清政府创办的自强学堂，历经传承演变，1928年定名为国立武汉大学，是近代中国第一批国立大学。1946年，学校已形成文、法、理、工、农、医6大学院并驾齐驱的办学格局。新中国成立后，武汉大学受到党和政府的高度重视。1 958年，毛泽东主席亲临武大视察。1993年，武汉大学百年校庆之际，江泽民等党和国家领导人题词祝贺。改革开放以来，武汉大学在国内高校中率先进行教育教学改革，各项事业蓬勃发展，整体实力明显上升。1999年，世界权威期刊《Science》杂志将武汉大学列为“中国最杰出的大学之一”。2000年，武汉大学与武汉水利电力大学、武汉测绘科技大学、湖北医科大学合并组建新的武汉大学，揭开了学校改革发展的崭新一页。\r\n　　回眸过去，筚路蓝缕，励精图治，玉汝于成。珞珈山上风云际会，周恩来、董必武、陈潭秋、罗荣桓曾在这里指点江山；辜鸿铭、竺可桢、李四光、闻一多、郁达夫、叶圣陶、李达等曾在这里激扬文字。一百多年来，武汉大学汇集了中华民族近现代史上众多的精彩华章，形成了优良的革命传统，积淀了厚重的人文底蕴，培育了“自强、弘毅、求是、拓新”的大学精神。', 0, '1', '1952-10-01');
INSERT INTO `college` VALUES ('11', '清华大学', 702, 682, 'products/1/qh01.png', '1', '清华大学（Tsinghua University）是中国著名高等学府，坐落于北京西北郊风景秀丽的清华园。是中国高层次人才培养和科学技术研究的重要基地之一。\r\n　　清华大学的前身是清华学堂，成立于1911年，当初是清政府建立的留美预备学校。1912 年更名为清华学校，为尝试人才的本地培养，1925 年设立大学部，同年开办研究院（国学门），1928年更名为“国立清华大学”，并于1929年秋开办研究院，各 系设研究所。1937年抗日战争爆发后，南迁长沙，与北京大学、南开大学联合办学，组建国立长沙临时大学，1938年迁至昆明，改名为国立西南联合大学。1946年，清华大学迁回清华园原址复校，设有文、法、理、工、农等5 个学院，26 个系', 0, '4', '1912-01-01');
INSERT INTO `college` VALUES ('12', '中国人民大学', 671, 648, 'products/1/rm01.png', '0', '中国人民大学是一所以人文社会科学为主，兼有部分理工学科的综合性研究型全国重点大学。学校的前身是1937年诞生于抗日战争烽火中的陕北公学，以及后来的华北联合大学、北方大学和华北大学。1950年10月3日，以华北大学为基础的中国人民大学正式成立，成为新中国创办的第一所新型大学。著名教育家吴玉章、成仿吾、袁宝华、黄达、李文海先后担任校长。现任校长为纪宝成教授，党委书记为程天权教授。自成立之日起，中国人民 大学广大师生发扬“始终奋进在时代前列”的优良传统，与党和国家同呼吸、共命运，勤俭办学，艰苦奋斗，积极探索，求真务实，使学校成为我国人文科学、社会科学、管理科学教育研究的重要基地，为马克思主义在中国的传播和普及，为我国哲学社会科学的发展和繁荣，为我国社会主义革命、建设和改革事业的发展做出了重要的贡献，被誉为“我国人文社会科学高等教育领域的一面旗帜”。', 0, '4', '1937-02-02');
INSERT INTO `college` VALUES ('13', '北京师范大学', 665, 660, 'products/1/bjsf.png', '1', '北京师范大学是一所以教师教育、教育科学和文理基础科学为主要特色的著名学府。2002年9月8日，在人民大会堂举行建校100周年庆祝大会。江泽民等党和国家领导同志出席庆祝大会。江泽民同志在会上充分肯定了百年北师大的办学成就，并强调实施科教兴国战略，大力推进教育创新。面向新世纪，北京师范大学确立了建设综合性、有特色、研究型世界知名高水平大学的奋斗目标。 　　\r\n　　100年以前，清末戊戌变法因“需材孔亟 ”，开启民智，改变中国屡受列强欺凌的状况，在当时中国最高学府和最高教育行政机关的京师大学堂设立了师范馆，成为北京师范大学的前身和中国高等师范教育的发端。百余年的文化积淀，百余年的开拓进取。在一个多世纪的办学历程中，北京师范大学形成了以对祖国未来和民族命运的高度责任感为核心的“爱国进步、诚信质朴、求真创新、为人师表”的优良传统和“学为人师 行为世范”的校训。今天的北京师范大学，学科门类齐全、名师名家荟萃、研究实力雄厚、对外交流广泛、教学质量领先，是国家的重要人才培养基地、学术研究前沿、文化交流窗口和新知识、新思想、新理论的摇篮。北京师范大学以辈出的人才和不斐的实力，稳居全国高校前列。 ', 0, '4', '2002-02-02');
INSERT INTO `college` VALUES ('14', '北京航天大学', 663, 653, 'products/1/bjht.png', '0', '北京航空航天大学（简称“北航”，原名北京航空学院，1988年更名）创办于1952年10月，由当时清华大学、北洋大学等8所著名大学的航空院系合并而成。学校地处北京中关村高科技核心区，毗邻国家奥林匹克体育中心，是新中国第一所重点航空高等院校。\r\n　　早在20世纪50年代初，北航就被国家首批确定为全国15所重点大学之一；80年代中期，被列入国家\"七五\" 重点建设的15所高校行列，是我国首批具有博 士、硕士学位授予权并成立研究生院的高校之一；90年代，被确定为国家“八五” 重点建设的14所高校之一，并成为国家首批获准立项进入“211工程”建设的前15所大学之一。世纪之交，被教育部纳入国家“面向21世纪教育振兴行动计划”，成为国家重点建设的国际知名高水平研究型大学之一。2001年9月23日，国防科工委、教育部、北京市人民政府签署重点共建北航协议，国防科工委、中国工程院签署共建协议，联手共助北航发展腾飞。', 0, '4', '1952-10-01');
INSERT INTO `college` VALUES ('15', '同济大学', 599, 668, 'products/1/tjdx1.png', '1', '同济大学是教育部直属重点大学。她创建于1907年，早期为德国医生在上海创办的德文医学堂，取名\"同济\"意蕴合作共济。1912年增设工学堂，1923年被批准改名为大学，1927年正式定为国立同济大学。抗战期间曾内迁经浙、赣、滇入川，1946年回迁上海并发展为以拥有理、工、医、文、法五大学院著称海内外的综合性大学。1952年院系调整后，同济大学成为国内土木建筑领域最大、专业最全的工科大学。1978年经中 央批准恢复对德交流，在中科院学部委员李国豪校长领导下实行“两个转变”，即由土木为主的理工科大学向理工为主的多科性大学转变，由国内普通高校向作为中外文化交流“窗口”之一的国际性大学转变，从而迅速恢复和发展成为一所以工为主、理工结合，经、管、文、法各具特色的多科性大学。1995年实现由教育部和上海市“共建”，1996年并入了原上海城市建设学院和上海建筑材料工业学院，被国务院领导赞为高校体制改革中的\"同济模式\"。2000年4月又与上海铁道大学合并，组建成新的同济大学。目前是一所拥有理、工、医、文、法、哲、经济、管理、教育9大学科门类的综合性大学。作为研究型大学，学校是首批被国务院批准成立研究生院的高校之一；作为全国重点大学，学校被列入国家财政立项资助的\"211工程\"和国家教育振兴行动计划与地方重点共建的高水平大学行列。', 0, '4', '1952-10-01');
INSERT INTO `college` VALUES ('16', '天津大学', 520, 587, 'products/1/tjdx.png', '0', '天津大学是教育部直属国家重点大学，其前身为北洋大学，始建于1895年10月2日，是中国第一所现代大学，素以“实事求是”的校训享誉海内外。1951年经院系调整定名为天津大学，是1959年中共中央首批指定的16所国家重点大学之一，是“211工程”、“985工程”首批重点建设的大学。经过几代人的不懈努力，天津大学现已成为一所师资力量雄厚，学科特色鲜明，教育质量和科研水平较高，居于国内一流水平，在国际上有 较大影响的大学。\r\n　　天津大学的发展一直受到党和国家的关怀和重视，几代党和国家领导人毛泽东、周恩来、邓小平、江泽民、胡锦涛、李鹏、李瑞环、李岚清、贾庆林、习近平等都曾亲临学校视察。2000年天津大学成为国家在新世纪重点投资建设的若干所国内外知名高水平大学之一。国家十一五规划进一步明确地把推进天津滨海新区开发开放纳入国家发展战略布局，这无疑给了天津市和天津大学一个腾飞的机遇。', 0, '4', '1952-10-01');
INSERT INTO `college` VALUES ('17', '\r\n上海交通大学', 599, 599, 'products/1/shjt.png', '0', '上海交通大学是我国历史最悠久的高等学府之一，是教育部直属、教育部与上海市共建的全国重点大学，是国家\"七五”\"八五\"重点建设和“211工程”、“985工程”的首批建设高校。经过百余年的不懈努力，上海交通大学已经成为一所“综合性、研究型、国际化”的国内一流、国际知名大学，并正在向世界一流大学稳步迈进。\r\n　　19世纪末，甲午战败，民族危难。盛宣怀先生和一批有识之士秉持“自强首在储才，储才必先兴学”的信念 ，在上海创办了交通大学的前身——南洋公学。建校伊始，学校即坚持“求实学，务实业”的宗旨，以培养“一等人才”为目标，精勤进取，笃行不倦，在20世纪二、三十年代已成为国内著名的高等学府，被誉为“东方的MIT”。抗战时期，广大师生历尽艰难，内迁重庆，坚持办学，不少学生投笔从戎，浴血沙场。解放前夕，广大师生积极投身民主革命，学校被誉为“民主堡垒”。新中国成立初期，为配合国家经济建设的需要，学校调整出一批优势院系、学科，支持国内兄弟院校的发展；五十年代中期，学校响应国家建设大西北的号召，历经西迁、两地办学、独立办学等变迁，为构建新中国的高等教育体系，促进社会主义建设做出了重要贡献。六、七十年代，学校先后归属国防科工委和原六机部领导，积极投身国防科研和国防人才培养，为“两弹一星”和国防现代化做出了巨大贡献。', 0, '3', '1952-10-01');
INSERT INTO `college` VALUES ('18', '\r\n复旦大学', 599, 699, 'products/1/fddx.png', '0', '复旦大学创建于1905年，原名复旦公学。“复旦”二字由创始人、中国近代知名教育家马相伯先生选定，选自《尚书大传-虞夏传》中“日月光华，旦复旦兮”的名句，意在自强不息，寄托当时中国知识分子自主办学、教育强国的希望。\r\n　　复旦大学经历近百年的沿革。1917年复旦公学改名为私立复旦大学，下设文、理、商三科以及预科和中学部。1937年抗日战争爆发后，学校内迁重庆北碚， 并于1941年改为“国立” 。1946年学校迁回上海江湾原址。到1949年学校已设立文、理、法、商、农五院20多个系（科）。鲁迅、郭沫若、邹韬奋、老舍、竺可桢、马寅初等著名学者曾到校演讲或任教。1950年高校初步进行院系调整，复旦大学的海洋系并入山东大学；上海暨南大学的文、法、商三院，同济大学的文、法两院，以及浙江大学、英士大学的部分系科并入复旦大学。1952年秋全国高校院系调整，复旦大学的法学院、商学院、农学院调出，分别成立了华东政法学院、上海财经学院和沈阳农学院；而华东地区的浙江大学、交通大学、南京大学、安徽大学、金陵大学、圣约翰大学、沪江大学、震旦大学、大同大学、光华大学、大夏大学、上海学院、中华工商专科学校、中国新闻专科学校等高等院校的文、理科有关系科并入复旦大学。二十世纪80年代以后，尤其是通过国家教育部和上海市共同建设，以及“七五”、“八五”和“九五”的重点建设，复旦大学逐步发展成为一所人文科学、社会科学、自然科学、技术科学以及管理科学在内的多科性研究型综合大学。2000年4月27日上海医科大学与复旦大学强强合并，成立新的复旦大学。如今的复旦大学，学科门类更为齐全，综合实力更加强大。', 0, '3', '1952-10-01');
INSERT INTO `college` VALUES ('19', '\r\n武汉大学', 599, 569, 'products/1/whdx.png', '1', '江城多山，珞珈独秀；山上有黉，武汉大学。\r\n　　武汉大学是国家教育部直属重点综合性大学，是国家“985工程”和“211工程”重点建设高校。\r\n　　武汉大学溯源于1893年清末湖广总督张之洞奏请清政府创办的自强学堂，历经传承演变，1928年定名为国立武汉大学，是近代中国第一批国立大学。1946年，学校已形成文、法、理、工、农、医6大学院并驾齐驱的办学格局。新中国成立后，武汉大学受到党和政府的高度重视。1 958年，毛泽东主席亲临武大视察。1993年，武汉大学百年校庆之际，江泽民等党和国家领导人题词祝贺。改革开放以来，武汉大学在国内高校中率先进行教育教学改革，各项事业蓬勃发展，整体实力明显上升。1999年，世界权威期刊《Science》杂志将武汉大学列为“中国最杰出的大学之一”。2000年，武汉大学与武汉水利电力大学、武汉测绘科技大学、湖北医科大学合并组建新的武汉大学，揭开了学校改革发展的崭新一页。\r\n　　回眸过去，筚路蓝缕，励精图治，玉汝于成。珞珈山上风云际会，周恩来、董必武、陈潭秋、罗荣桓曾在这里指点江山；辜鸿铭、竺可桢、李四光、闻一多、郁达夫、叶圣陶、李达等曾在这里激扬文字。一百多年来，武汉大学汇集了中华民族近现代史上众多的精彩华章，形成了优良的革命传统，积淀了厚重的人文底蕴，培育了“自强、弘毅、求是、拓新”的大学精神。', 0, '3', '1952-10-01');
INSERT INTO `college` VALUES ('1DFF7517732441C49CB4FDCD5C7B5596', '中兴老人学院', 500, 500, 'products/3/D/BBDCC0D99BED4605B2BC1A405C2DDFBB', '2019-05-02 17:17:31', '1', 333, '0', '1');
INSERT INTO `college` VALUES ('2', '浙江大学', 599, 699, 'products/1/zjdx.png', '1', '浙江大学是教育部直属、省部共建的普通高等学校，是首批进入国家“211工程”和“985工程”建设的若干所重点大学之一。浙江大学前身求是书院成立于1897年，为中国人自己最早创办的新式高等学府之一。1952年，在全国高等院校调整时，曾被分为多所单科性学校，部分系科并入兄弟高校。1998年，同根同源的浙江大学、杭州大学、浙江农业大学、浙江医科大学合并组建新的浙江大学。经过一百多年的建设与发展，学校已成为 一所基础坚实、实力雄厚，特色鲜明，居于国内一流水平，在国际上有较大影响的研究型、综合型大学。现任校长是中国科学院院士、固体力学专家杨卫教授。\r\n　　学校位于中国历史文化名城、世界著名的风景游览胜地──浙江省杭州市。其北依苏沪，东接甬港，南联闽粤，是中国东南沿海长江三角洲地区的重要城市。学校设紫金港、玉泉、西溪、华家池、之江等5个校区，占地面积5.18平方公里，分布于杭州市区不同方位。校园依山傍水，环境幽雅，花木繁茂，碧草如茵，景色宜人，与西湖美景交相辉映，相得益彰，是读书治学的理想园地。\r\n　　浙江大学在长期的办学过程中，以严谨的求是学风培养了大批优秀人才，以执著的创新精神创造出了丰硕成果，蜚声海内外，曾被英国著名学者李约瑟誉为“东方剑桥”。竺可桢、马寅初、卢嘉锡、苏步青、钱三强、王淦昌、贝时璋、陈建功、钱令希、谈家桢、谷超豪、郑晓沧、梁守槃 、夏承焘、姜亮夫、李政道、吴健雄、路甬祥、潘云鹤等著名学者都曾在校工作或学习。浙江大学校友中当选为中国科学院院士、中国工程院院士的有160余人，其中在浙大就学者就有90余人。 ', 0, '3', '1952-10-01');
INSERT INTO `college` VALUES ('20', '南京大学', 549, 549, 'products/1/njdx.png', '0', '南京大学是直属国家教育部的重点综合性大学，国家首批“211工程”建设高校，“985工程”重点建设高校，也是国内办学历史最悠久的高等学府之一。坐落在钟灵毓秀、虎踞龙蟠的六朝古都南京。自1902年创建以来，她先后经历三江师范学堂、两江师范学堂、南京高等师范学校、国立东南大学、第四中山大学、国立中央大学等时期；1949年更名为国立南京大学；次年迳名南京大学，沿用至今。1952年全国高校院系调整，南京大学 调整出工学、农学、师范等部分院系后与创办于1888年的金陵大学的文学院、理学院等合并，仍名南京大学，并将校址从四牌楼迁至鼓楼金大原址。  \r\n      今天的南京大学包括鼓楼、浦口两个校区，占地3600多亩，风景优美，建筑规模宏大，教学、科研设施先进，已发展成为综合实力位居全国高校前列的一流大学。5月20日为校庆日。  \r\n      百余年来，南京大学俊彦云集，英才辈出，为民族复兴和社会进步作出了杰出贡献。李瑞清、吴有训、竺可桢、茅以升、柳诒徵、胡小石、陶行知、郭秉文、陈鹤琴、汤用彤、马寅初、李叔同、熊庆来、童第周、金善宝、闻一多、张大千、徐悲鸿、傅抱石、严济慈、吴健雄、李国鼎、罗家伦、顾毓?、李方训、吴宓、朱光亚、赵忠尧、赛珍珠、杨杏佛、吕叔湘、梁希、戴安邦、陈白尘、匡亚明等名家大师们曾在这里学习或工作过；中共中央、国务院表彰的23位“两弹一星功勋”中，有6位是南京大学校友。  ', 0, '3', '1952-10-01');
INSERT INTO `college` VALUES ('200', '浙江大学', 599, 699, 'products/1/zjdx.png', '1', '浙江大学是教育部直属、省部共建的普通高等学校，是首批进入国家“211工程”和“985工程”建设的若干所重点大学之一。浙江大学前身求是书院成立于1897年，为中国人自己最早创办的新式高等学府之一。1952年，在全国高等院校调整时，曾被分为多所单科性学校，部分系科并入兄弟高校。1998年，同根同源的浙江大学、杭州大学、浙江农业大学、浙江医科大学合并组建新的浙江大学。经过一百多年的建设与发展，学校已成为 一所基础坚实、实力雄厚，特色鲜明，居于国内一流水平，在国际上有较大影响的研究型、综合型大学。现任校长是中国科学院院士、固体力学专家杨卫教授。\r\n　　学校位于中国历史文化名城、世界著名的风景游览胜地──浙江省杭州市。其北依苏沪，东接甬港，南联闽粤，是中国东南沿海长江三角洲地区的重要城市。学校设紫金港、玉泉、西溪、华家池、之江等5个校区，占地面积5.18平方公里，分布于杭州市区不同方位。校园依山傍水，环境幽雅，花木繁茂，碧草如茵，景色宜人，与西湖美景交相辉映，相得益彰，是读书治学的理想园地。\r\n　　浙江大学在长期的办学过程中，以严谨的求是学风培养了大批优秀人才，以执著的创新精神创造出了丰硕成果，蜚声海内外，曾被英国著名学者李约瑟誉为“东方剑桥”。竺可桢、马寅初、卢嘉锡、苏步青、钱三强、王淦昌、贝时璋、陈建功、钱令希、谈家桢、谷超豪、郑晓沧、梁守槃 、夏承焘、姜亮夫、李政道、吴健雄、路甬祥、潘云鹤等著名学者都曾在校工作或学习。浙江大学校友中当选为中国科学院院士、中国工程院院士的有160余人，其中在浙大就学者就有90余人。 ', 0, '1', '1952-10-01');
INSERT INTO `college` VALUES ('201', '吉林大学', 699, 499, 'products/1/jldx.png', '0', '吉林大学坐落在吉林省省会长春市，是教育部直属的一所全国重点综合性大学，1995年首批通过国家教委“211工程”审批，2001年被列入“985工程”国家重点建设的大学之一。学校现任党委书记为陈德文教授，现任校长为李元元（原华南理工大学校长,于2011年9月上任），均已被列为中央管理。\r\n　　吉林大学于2000年6月12日由原吉林大学、吉林工业大学、白求恩医科大学、长春科技大学、长春邮电学院合并组建而成 。2004年8月29日，原中国人民解放军军需大学并入吉林大学。合并前的六所学校，都有着光荣的历史。原吉林大学的前身是始建于1946年的东北行政学院，1950年更名为东北人民大学，1952年经院系调整成为我党亲手创建的第一所综合性大学，1958年更名为吉林大学。1960年，吉林大学被列为国家重点大学。学校多年来为国家培养了大批优秀的高素质人才，取得了许多重大的高水平科研成果，是国家基础科学研究和高层次人才培养的重要基地之一。原吉林工业大学的前身是始建于1954年的长春汽车拖拉机学院，1958年更名为吉林工业大学，是一所以汽车和农机为优势和特色，工、管、理、文相结合的多学科全国重点大学，是我国汽车工业和机械工业培养高层次人才的重要基地之一。原白求恩医科大学的前身是创建于1939年的晋察冀军区白求恩卫生学校和第十八集团军卫生学校。1948年与北方大学医学院合编为华北医科大学，1951年命名为中国人民解放军第一军医大学，1959年更名为吉林医科大学，1978年更名为白求恩医科大学。学校为国家培养了大批医学人才，造就了许多著名的医学专家，取得了丰硕的科研成果。原长春科技大学的前身是创建于1951年的长春地质专科学校，1952年院系调整时成立东北地质学院，1958年更名为长春地质学院，1997年更名为长春科技大学。是一所办学特色鲜明的多学科全国重点大学，为国家培养了大批矿产资源普查、勘探、开采、保护和综合利用方面的人才，并丰富了我国地球科学的理论研究。原长春邮电学院是我国东北地区唯一一所信息通信类工科高等学校。学院于 1947 年创建于黑龙江省佳木斯市，1955 年更名为长春电信学校，1960年更名为长春邮电学院，是一所办学条件较为完善、学科新、发展势头较好的学校，为国家培养了一批又一批信息通信类人才。原中国人民解放军军需大学的前身是创建于1953年的中国人民解放军兽医大学，1992年更名为农牧大学，1999年更名为军需大学，是一所以军事兽医教育和军事后勤教育为特色的高等军事学校，培养了大批高素质的军事后勤人才。', 0, '1', '1952-10-01');
INSERT INTO `college` VALUES ('202', '中山大学', 599, 599, 'products/1/zsdx.png', '1', '中山大学位于改革开放前沿的广东省。座落在珠江之畔、南海之滨。现有四个校区，总面积达6.17平方公里，广州南校区占地1.17平方公里，北校区占地0.39平方公里，广州东校区占地1.13平方公里，珠海校区占地3.48平方公里。各校区树木葱笼，绿草如茵，景色秀丽，各具风格，是陶冶情操、读书治学的胜境。\r\n　　伟人手创 山高水长\r\n　　中山大学是一所具有优良办学传统的名牌大学。1924年，由世纪伟人孙中山先生 亲手创办，并亲笔题写校训：“博学、审问、慎思、明辨、笃行”。原名国立广东大学，1926年，为纪念中山先生，改名为国立中山大学。上世纪三十年代，中山大学设有文、理、法、工、农、医、师范等7个学院。1935年学校设立研究院，开始招收研究生。五十年代，全国高校院系调整，中山大学成为一所以文理科为基础的综合性大学。新中国成立以来，中山大学一直是全国重点大学之一，也是我国首批博士、硕士学位授予单位和建立首批博士后科研流动站的单位之一。2000年9月，中山大学珠海校区在珠海市唐家湾建成，为新世纪的发展奠定了坚实的基础。2001年10月26日，中山大学与中山医科大学合并，强强联合，组成新的中山大学，学科设置更加齐全，办学力量更为壮大。', 0, '3', '1952-10-01');
INSERT INTO `college` VALUES ('203', '\r\n华中科技大学', 599, 699, 'products/1/hzkj.png', '1', '华中科技大学是国家教育部直属的全国重点大学，由原华中理工大学、同济医科大学、武汉城市建设学院于2000年5月26日合并成立，是首批列入国家“211工程”重点建设和国家“985工程”建设高校之一。\r\n　　学校校园占地7000余亩，园内树木葱茏，碧草如茵，环境优雅，景色秀丽，绿化覆盖率72%，被誉为“森林式大学”。学校教学支撑体系完备，各项公共服务设施齐全。\r\n　　学校学科齐全、结构合理，基本构建起研究型 大学的学科体系。拥有哲学、经济学、法学、教育学、文学、历史学、理学、工学、农学、医学、管理学等11大学科门类；设有86个本科专业，256个硕士学位授权点，181个博士学位授权点，31个博士后科研流动站；现有一级国家重点学科7个，二级国家重点学科15个（内科学、外科学按三级），国家重点（培育）学科7个。\r\n　　学校实施“人才兴校”战略，师资力量雄厚。现有专任教师3000余人，其中教授1000余人，副教授1300余人；教师中有院士24人（含双聘院士13人），长江学者特聘教授35人、讲座教授30人，国家杰出青年科学基金获得者36人，教育部新世纪优秀人才支持计划入选者135人，国家百千万人才工程入选者36人。\r\n　　学校秉承“育人为本、创新是魂、责任以行”的办学理念，坚持“一流教学、一流本科”的建设目标，采取多种举措，深化教育教学改革，全面推进素质教育，构建和完善充满活力的创新人才培养体系。几十年来，已为国家培养了近20万名高级人才。', 0, '1', '1952-10-01');
INSERT INTO `college` VALUES ('204', '四川大学', 588, 688, 'products/1/scdx.png', '1', '四川大学是由原四川大学、原成都科技大学、原华西医科大学三所全国重点大学于1994年4月和2000年9月两次“强强合并”组建而成的教育部直属全国重点大学，也是国家“211工程”和“985工程”重点建设的大学。原四川大学起始于1896年创办的四川中西学堂；原成都科技大学由1954年全国院系调整时建立的成都工学院发展而来；原华西医科大学的前身是1910年美国、英国、加拿大的基督教会组织在成都创办的华西协 合大学。四川大学现任校党委书记杨泉明教授，校长谢和平院士。\r\n　　四川大学地处中国历史文化名城——“天府之国”的成都市区。学校设望江、华西和江安校区，占地面积7050余亩，校舍建筑面积300余万平方米。校园环境幽雅、花木繁茂、碧草如茵，是读书治学的理想园地。\r\n　　在长期的办学历程中，学校形成了深厚的文化底蕴、扎实的办学基础和以校训“海纳百川，有容乃大”、校风“严谨、勤奋、求是、创新”为核心的川大精神。张澜、吴玉章曾任校长，朱德、杨尚昆、郭沫若、巴金、童第周、周太玄、刘承钊、冯友兰、朱光潜、李劼人、魏时珍、恽代英、王右木、江竹筠、柯召、张铨等，曾在此求学或传道授业。两院院士中50人为川大校友。', 0, '1', '1952-10-01');
INSERT INTO `college` VALUES ('205', '中国科学技术大学', 588, 688, 'products/1/zgkx.png', '0', '中国科学技术大学是中国科学院所属的一所以前沿科学和高新技术为主、兼有特色管理和人文学科的综合性全国重点大学。\r\n　　1958年9月创建于北京，首任校长由郭沫若兼任。它的创办被称为“我国教育史和科学史上的一项重大事件”。建校后，中国科学院实施“全院办校，所系结合”的办学方针，学校紧紧围绕国家急需的新兴科技领域设置系科专业，创造性地把理科与工科即前沿科学与高新技术相结合，注重基础课教学，高起点，宽口径培 养新兴、边缘、交叉学科的尖端科技人才，汇集了严济慈、华罗庚、钱学森、赵忠尧、郭永怀、赵九章、贝时璋等一批国内最有声望的科学家， 得到迅速发展，建校第二年即被列为全国重点大学。\r\n　　1970年初，学校迁至安徽省合肥市，开始了第二次创业。1978年以后，学校锐意改革，大胆创新，在全国率先提出并实施了创办少年班、首建研究生院、建设国家大科学工程、面向世界开放办学等一系列具有创新精神和前瞻意识的教育改革措施，得到迅速恢复和发展。“七五”、“八五”期间一直得到国家的重点建设，很快发展成为国家高质量人才培养和高水平科学研究的重要基地。\r\n　　20世纪90年代以来，学校主动适应国内外科技、教育和社会经济发展的要求与挑战，认真贯彻《中国教育改革和发展纲要》，大力推行教学科研改革和结构性调整，进行第三次创业。学校是国家首批实施“985工程”和“211工程”的大学之一，也是唯一参与国家知识创新工程的大学', 0, '1', '1952-10-01');
INSERT INTO `college` VALUES ('206', '\r\n南开大学', 588, 688, 'products/1/nkdx.png', '0', '南开大学是国家教育部直属重点综合性大学，是敬爱的周恩来总理的母校。 \r\n　　南开大学创建于1919年，创办人是近代著名爱国教育家张伯苓和严修。抗日战争时期，南开大学与北京大学、清华大学在昆明组成举世闻名的西南联合大学，被誉为“学府北辰”。南开大学秉承“允公允能、日新月异”的校训，弘扬“爱国、敬业、创新、乐群”的光荣传统，培养了以周恩来、陈省身、吴大猷、曹禺等为代表的一大批杰出人才，为民族振兴和国家富 强做出了重要贡献。新世纪新阶段，南开大学获得教育部和天津市重点共建支持，跻身21世纪国家重点建设大学行列。 \r\n　　南开大学占地210.2万平方米（3154亩），建筑面积124.2万平方米，校园网络设施先进，图书馆藏书357.49万册。除主校区外，还有迎水道校区（天津市内）、旅游与服务学院（天津市内）、泰达学院（天津经济技术开发区）。在教育部和天津市支持下，津南新校区正在建设中。按照“独立办学、紧密合作”的原则，与天津大学全面合作办学。 ', 0, '1', '1952-10-01');
INSERT INTO `college` VALUES ('207', '山东大学', 588, 588, 'products/1/sddx.png', '0', '山东大学是一所历史悠久、学科齐全、学术实力雄厚、办学特色鲜明，在国内外具有重要影响的教育部直属重点综合性大学，是国家“211工程”和“985工程”重点建设的高水平大学之一。 \r\n　　山东大学是中国近代高等教育的起源性大学。其医学学科起源于1864年，为近代中国高等教育历史之最。其主体是1901年创办的山东大学堂，是继京师大学堂之后中国创办的第二所国立大学，也是中国第一所按章程办学的大学。从诞生起，学 校先后历经了山东大学堂、国立青岛大学、国立山东大学、山东大学以及由原山东大学、山东医科大学、山东工业大学三校合并组建的新山东大学等几个历史发展时期。百余年间，山东大学秉承“为天下储人才”、“为国家图富强”的办学宗旨，践行“学无止境，气有浩然”的校训，踔厉奋发，薪火相传，形成了“崇实求新”的校风，为国家和社会培养了40余万各类人才，为国家和区域经济社会发展做出了重要贡献。 \r\n　　作为国家首批重点建设的“211工程”和“985工程”大学，近年来山东大学实现了跨越式发展，各项事业均达到了前所未有的高度。学校的综合办学实力和竞争力明显增强，办学质量和为国家、区域服务的能力显著提高，国际影响力大幅度提升，9个学科的学术影响力和贡献能力跨入世界前1%。学校基本完成了从教学科研型大学向研究型大学的转型。在最近武汉大学科学评价中心发布的“中国一流大学竞争力”排行榜上，山东大学列第七位，该中心评价山东大学是近两年上升速度最快的大学。在2013年2月由西班牙国家研究委员会（CSIC）网络计量学实验室公布最新版基于互联网的世界大学排名（Webometrics Ranking of World Universities，简称\"WRWU\"）中，山东大学位列世界第90，在入围前一百强的大陆高校中排名第3。', 0, '1', '1952-10-01');
INSERT INTO `college` VALUES ('208', '中南大学', 599, 688, 'products/1/zndx.png', '0', '中南大学是一所学科齐全、工学和医学见长、具有优良办学传统的教育部直属全国重点大学，是首批进入国家“211工程”重点建设的高校，也是国家“985工程”部省重点共建的高水平大学。2000年4月29日，经国务院批准，由湖南医科大学、长沙铁道学院与中南工业大学合并组建而成。现任校党委书记为高文兵同志，校长为黄伯云院士。\r\n　　学校位于中国历史文化名城──湖南省长沙市，依巍巍岳麓，临滔滔湘水，山水交映，花木繁 茂，环境幽雅，景色宜人，是读书治学的理想园地。\r\n　　学校现有工学、理学、医学、文学、法学、经济学、管理学、哲学、教育学、历史学等十大学科门类，辐射军事学、农林学。下设30个二级学院，有本科专业76个；成立了研究生院，有硕士学位授权学科282个，博士学位授权学科142个，博士学位授权一级学科17个，博士后科研流动站22个。拥有一级学科国家重点学科6个，二级学科国家重点学科12个，国家重点（培育）学科1个，国家重点实验室和国家工程研究中心4个，国家级人才培养基地和工科教学基地5个。现有中国科学院院士3人，中国工程院院士12人，博士生导师578人，教授及其他正高职称人员850人，副教授及其他副高职称人员1663人。有来自全国31个省市和世界30多个国家与地区的全日制在校学生5万多名。', 0, '1', '1952-10-01');
INSERT INTO `college` VALUES ('21', '吉林大学', 699, 499, 'products/1/jldx.png', '0', '吉林大学坐落在吉林省省会长春市，是教育部直属的一所全国重点综合性大学，1995年首批通过国家教委“211工程”审批，2001年被列入“985工程”国家重点建设的大学之一。学校现任党委书记为陈德文教授，现任校长为李元元（原华南理工大学校长,于2011年9月上任），均已被列为中央管理。\r\n　　吉林大学于2000年6月12日由原吉林大学、吉林工业大学、白求恩医科大学、长春科技大学、长春邮电学院合并组建而成 。2004年8月29日，原中国人民解放军军需大学并入吉林大学。合并前的六所学校，都有着光荣的历史。原吉林大学的前身是始建于1946年的东北行政学院，1950年更名为东北人民大学，1952年经院系调整成为我党亲手创建的第一所综合性大学，1958年更名为吉林大学。1960年，吉林大学被列为国家重点大学。学校多年来为国家培养了大批优秀的高素质人才，取得了许多重大的高水平科研成果，是国家基础科学研究和高层次人才培养的重要基地之一。原吉林工业大学的前身是始建于1954年的长春汽车拖拉机学院，1958年更名为吉林工业大学，是一所以汽车和农机为优势和特色，工、管、理、文相结合的多学科全国重点大学，是我国汽车工业和机械工业培养高层次人才的重要基地之一。原白求恩医科大学的前身是创建于1939年的晋察冀军区白求恩卫生学校和第十八集团军卫生学校。1948年与北方大学医学院合编为华北医科大学，1951年命名为中国人民解放军第一军医大学，1959年更名为吉林医科大学，1978年更名为白求恩医科大学。学校为国家培养了大批医学人才，造就了许多著名的医学专家，取得了丰硕的科研成果。原长春科技大学的前身是创建于1951年的长春地质专科学校，1952年院系调整时成立东北地质学院，1958年更名为长春地质学院，1997年更名为长春科技大学。是一所办学特色鲜明的多学科全国重点大学，为国家培养了大批矿产资源普查、勘探、开采、保护和综合利用方面的人才，并丰富了我国地球科学的理论研究。原长春邮电学院是我国东北地区唯一一所信息通信类工科高等学校。学院于 1947 年创建于黑龙江省佳木斯市，1955 年更名为长春电信学校，1960年更名为长春邮电学院，是一所办学条件较为完善、学科新、发展势头较好的学校，为国家培养了一批又一批信息通信类人才。原中国人民解放军军需大学的前身是创建于1953年的中国人民解放军兽医大学，1992年更名为农牧大学，1999年更名为军需大学，是一所以军事兽医教育和军事后勤教育为特色的高等军事学校，培养了大批高素质的军事后勤人才。', 0, '3', '1952-10-01');
INSERT INTO `college` VALUES ('22', '中山大学', 599, 599, 'products/1/zsdx.png', '1', '中山大学位于改革开放前沿的广东省。座落在珠江之畔、南海之滨。现有四个校区，总面积达6.17平方公里，广州南校区占地1.17平方公里，北校区占地0.39平方公里，广州东校区占地1.13平方公里，珠海校区占地3.48平方公里。各校区树木葱笼，绿草如茵，景色秀丽，各具风格，是陶冶情操、读书治学的胜境。\r\n　　伟人手创 山高水长\r\n　　中山大学是一所具有优良办学传统的名牌大学。1924年，由世纪伟人孙中山先生 亲手创办，并亲笔题写校训：“博学、审问、慎思、明辨、笃行”。原名国立广东大学，1926年，为纪念中山先生，改名为国立中山大学。上世纪三十年代，中山大学设有文、理、法、工、农、医、师范等7个学院。1935年学校设立研究院，开始招收研究生。五十年代，全国高校院系调整，中山大学成为一所以文理科为基础的综合性大学。新中国成立以来，中山大学一直是全国重点大学之一，也是我国首批博士、硕士学位授予单位和建立首批博士后科研流动站的单位之一。2000年9月，中山大学珠海校区在珠海市唐家湾建成，为新世纪的发展奠定了坚实的基础。2001年10月26日，中山大学与中山医科大学合并，强强联合，组成新的中山大学，学科设置更加齐全，办学力量更为壮大。', 0, '3', '1952-10-01');
INSERT INTO `college` VALUES ('23', '\r\n华中科技大学', 599, 699, 'products/1/hzkj.png', '1', '华中科技大学是国家教育部直属的全国重点大学，由原华中理工大学、同济医科大学、武汉城市建设学院于2000年5月26日合并成立，是首批列入国家“211工程”重点建设和国家“985工程”建设高校之一。\r\n　　学校校园占地7000余亩，园内树木葱茏，碧草如茵，环境优雅，景色秀丽，绿化覆盖率72%，被誉为“森林式大学”。学校教学支撑体系完备，各项公共服务设施齐全。\r\n　　学校学科齐全、结构合理，基本构建起研究型 大学的学科体系。拥有哲学、经济学、法学、教育学、文学、历史学、理学、工学、农学、医学、管理学等11大学科门类；设有86个本科专业，256个硕士学位授权点，181个博士学位授权点，31个博士后科研流动站；现有一级国家重点学科7个，二级国家重点学科15个（内科学、外科学按三级），国家重点（培育）学科7个。\r\n　　学校实施“人才兴校”战略，师资力量雄厚。现有专任教师3000余人，其中教授1000余人，副教授1300余人；教师中有院士24人（含双聘院士13人），长江学者特聘教授35人、讲座教授30人，国家杰出青年科学基金获得者36人，教育部新世纪优秀人才支持计划入选者135人，国家百千万人才工程入选者36人。\r\n　　学校秉承“育人为本、创新是魂、责任以行”的办学理念，坚持“一流教学、一流本科”的建设目标，采取多种举措，深化教育教学改革，全面推进素质教育，构建和完善充满活力的创新人才培养体系。几十年来，已为国家培养了近20万名高级人才。', 0, '3', '1952-10-01');
INSERT INTO `college` VALUES ('24', '四川大学', 588, 688, 'products/1/scdx.png', '1', '四川大学是由原四川大学、原成都科技大学、原华西医科大学三所全国重点大学于1994年4月和2000年9月两次“强强合并”组建而成的教育部直属全国重点大学，也是国家“211工程”和“985工程”重点建设的大学。原四川大学起始于1896年创办的四川中西学堂；原成都科技大学由1954年全国院系调整时建立的成都工学院发展而来；原华西医科大学的前身是1910年美国、英国、加拿大的基督教会组织在成都创办的华西协 合大学。四川大学现任校党委书记杨泉明教授，校长谢和平院士。\r\n　　四川大学地处中国历史文化名城——“天府之国”的成都市区。学校设望江、华西和江安校区，占地面积7050余亩，校舍建筑面积300余万平方米。校园环境幽雅、花木繁茂、碧草如茵，是读书治学的理想园地。\r\n　　在长期的办学历程中，学校形成了深厚的文化底蕴、扎实的办学基础和以校训“海纳百川，有容乃大”、校风“严谨、勤奋、求是、创新”为核心的川大精神。张澜、吴玉章曾任校长，朱德、杨尚昆、郭沫若、巴金、童第周、周太玄、刘承钊、冯友兰、朱光潜、李劼人、魏时珍、恽代英、王右木、江竹筠、柯召、张铨等，曾在此求学或传道授业。两院院士中50人为川大校友。', 0, '3', '1952-10-01');
INSERT INTO `college` VALUES ('25', '中国科学技术大学', 588, 688, 'products/1/zgkx.png', '0', '中国科学技术大学是中国科学院所属的一所以前沿科学和高新技术为主、兼有特色管理和人文学科的综合性全国重点大学。\r\n　　1958年9月创建于北京，首任校长由郭沫若兼任。它的创办被称为“我国教育史和科学史上的一项重大事件”。建校后，中国科学院实施“全院办校，所系结合”的办学方针，学校紧紧围绕国家急需的新兴科技领域设置系科专业，创造性地把理科与工科即前沿科学与高新技术相结合，注重基础课教学，高起点，宽口径培 养新兴、边缘、交叉学科的尖端科技人才，汇集了严济慈、华罗庚、钱学森、赵忠尧、郭永怀、赵九章、贝时璋等一批国内最有声望的科学家， 得到迅速发展，建校第二年即被列为全国重点大学。\r\n　　1970年初，学校迁至安徽省合肥市，开始了第二次创业。1978年以后，学校锐意改革，大胆创新，在全国率先提出并实施了创办少年班、首建研究生院、建设国家大科学工程、面向世界开放办学等一系列具有创新精神和前瞻意识的教育改革措施，得到迅速恢复和发展。“七五”、“八五”期间一直得到国家的重点建设，很快发展成为国家高质量人才培养和高水平科学研究的重要基地。\r\n　　20世纪90年代以来，学校主动适应国内外科技、教育和社会经济发展的要求与挑战，认真贯彻《中国教育改革和发展纲要》，大力推行教学科研改革和结构性调整，进行第三次创业。学校是国家首批实施“985工程”和“211工程”的大学之一，也是唯一参与国家知识创新工程的大学', 0, '3', '1952-10-01');
INSERT INTO `college` VALUES ('26', '\r\n南开大学', 588, 688, 'products/1/nkdx.png', '0', '南开大学是国家教育部直属重点综合性大学，是敬爱的周恩来总理的母校。 \r\n　　南开大学创建于1919年，创办人是近代著名爱国教育家张伯苓和严修。抗日战争时期，南开大学与北京大学、清华大学在昆明组成举世闻名的西南联合大学，被誉为“学府北辰”。南开大学秉承“允公允能、日新月异”的校训，弘扬“爱国、敬业、创新、乐群”的光荣传统，培养了以周恩来、陈省身、吴大猷、曹禺等为代表的一大批杰出人才，为民族振兴和国家富 强做出了重要贡献。新世纪新阶段，南开大学获得教育部和天津市重点共建支持，跻身21世纪国家重点建设大学行列。 \r\n　　南开大学占地210.2万平方米（3154亩），建筑面积124.2万平方米，校园网络设施先进，图书馆藏书357.49万册。除主校区外，还有迎水道校区（天津市内）、旅游与服务学院（天津市内）、泰达学院（天津经济技术开发区）。在教育部和天津市支持下，津南新校区正在建设中。按照“独立办学、紧密合作”的原则，与天津大学全面合作办学。 ', 0, '3', '1952-10-01');
INSERT INTO `college` VALUES ('27', '山东大学', 588, 588, 'products/1/sddx.png', '0', '山东大学是一所历史悠久、学科齐全、学术实力雄厚、办学特色鲜明，在国内外具有重要影响的教育部直属重点综合性大学，是国家“211工程”和“985工程”重点建设的高水平大学之一。 \r\n　　山东大学是中国近代高等教育的起源性大学。其医学学科起源于1864年，为近代中国高等教育历史之最。其主体是1901年创办的山东大学堂，是继京师大学堂之后中国创办的第二所国立大学，也是中国第一所按章程办学的大学。从诞生起，学 校先后历经了山东大学堂、国立青岛大学、国立山东大学、山东大学以及由原山东大学、山东医科大学、山东工业大学三校合并组建的新山东大学等几个历史发展时期。百余年间，山东大学秉承“为天下储人才”、“为国家图富强”的办学宗旨，践行“学无止境，气有浩然”的校训，踔厉奋发，薪火相传，形成了“崇实求新”的校风，为国家和社会培养了40余万各类人才，为国家和区域经济社会发展做出了重要贡献。 \r\n　　作为国家首批重点建设的“211工程”和“985工程”大学，近年来山东大学实现了跨越式发展，各项事业均达到了前所未有的高度。学校的综合办学实力和竞争力明显增强，办学质量和为国家、区域服务的能力显著提高，国际影响力大幅度提升，9个学科的学术影响力和贡献能力跨入世界前1%。学校基本完成了从教学科研型大学向研究型大学的转型。在最近武汉大学科学评价中心发布的“中国一流大学竞争力”排行榜上，山东大学列第七位，该中心评价山东大学是近两年上升速度最快的大学。在2013年2月由西班牙国家研究委员会（CSIC）网络计量学实验室公布最新版基于互联网的世界大学排名（Webometrics Ranking of World Universities，简称\"WRWU\"）中，山东大学位列世界第90，在入围前一百强的大陆高校中排名第3。', 0, '3', '1952-10-01');
INSERT INTO `college` VALUES ('28', '中南大学', 599, 688, 'products/1/zndx.png', '0', '中南大学是一所学科齐全、工学和医学见长、具有优良办学传统的教育部直属全国重点大学，是首批进入国家“211工程”重点建设的高校，也是国家“985工程”部省重点共建的高水平大学。2000年4月29日，经国务院批准，由湖南医科大学、长沙铁道学院与中南工业大学合并组建而成。现任校党委书记为高文兵同志，校长为黄伯云院士。\r\n　　学校位于中国历史文化名城──湖南省长沙市，依巍巍岳麓，临滔滔湘水，山水交映，花木繁 茂，环境幽雅，景色宜人，是读书治学的理想园地。\r\n　　学校现有工学、理学、医学、文学、法学、经济学、管理学、哲学、教育学、历史学等十大学科门类，辐射军事学、农林学。下设30个二级学院，有本科专业76个；成立了研究生院，有硕士学位授权学科282个，博士学位授权学科142个，博士学位授权一级学科17个，博士后科研流动站22个。拥有一级学科国家重点学科6个，二级学科国家重点学科12个，国家重点（培育）学科1个，国家重点实验室和国家工程研究中心4个，国家级人才培养基地和工科教学基地5个。现有中国科学院院士3人，中国工程院院士12人，博士生导师578人，教授及其他正高职称人员850人，副教授及其他副高职称人员1663人。有来自全国31个省市和世界30多个国家与地区的全日制在校学生5万多名。', 0, '3', '1952-10-01');
INSERT INTO `college` VALUES ('29', '西安交通大学', 618, 578, 'products/1/xajt.png', '0', '西安交通大学是国家教育部直属重点大学，其前身是1896年创建于上海的南洋公学，1921年改称交通大学，1956年国务院决定交通大学内迁西安，1959年定名为西安交通大学，并被列为全国重点大学。西安交通大学是首批进入国家“985工程”重点建设九所大学之一、首批进入国家“211工程”建设的九所大学之一，1999年被国家确定为以建设世界知名高水平大学为目标的学校。2000年4月，国务院决定，将原属卫生部 已有60余年办学历史的西安医科大学、原属中国人民银行已有40余年办学历史的陕西财经学院并入西安交通大学。\r\n　　西安交通大学是一所具有理工特色，涵盖理、工、医、经济、管理、文、法、哲、教育等9个学科门类的综合性研究型大学。学校设有19个学院（部）和 3个临床教学医院。现有教职工5769人，专任教师2537人，其中教授、副教授 1400多人。学校有长期在校工作的英国皇家学会院士1名，中国科学院院士6名，中国工程院院士11名，教育部“长江学者”特聘教授和讲座教授22名，国家杰出青年基金获得者18名，国家有突出贡献专家及中青年专家18名，国家教学名师奖获得者5名，教育部“新世纪优秀人才培养计划入选者”74名，对国家做出突出贡献并享受政府特殊津贴的专家560余名。\r\n　　西安交通大学现有全日制在校生 30912人，其中博士、硕士研究生 12690人。全校有74个本科专业，199个学科（专业）有权授予硕士学位，114个学科（专业）有权授予博士学位。学校有8个国家一级重点学科， 37个国家二级重点学科。拥有工程硕士、临床医学硕士和 MBA 、MPA 等九个专业学位点，19个博士后流动站，4个国家重点实验室，4个国家专业或专项实验室，2个国家工程研究中心，7个教育部重点实验室，2个教育部工程研究中心，2个卫生部重点实验室，16个省级重点科研基地和3个省级文科重点研究基地。学校设有西部地区唯一的国家高性能计算中心。', 0, '3', '1952-10-01');
INSERT INTO `college` VALUES ('3', '\r\n厦门大学', 599, 549, 'products/1/smdx.png', '0', '厦门大学是由著名爱国华侨领袖陈嘉庚先生于1921年创办的，是中国近代教育史上第一所华侨创办的大学，也是我国唯一地处经济特区的国家“211工程”和“985工程”重点建设的高水平大学。\r\n　　88年来，学校秉承“自强不息，止于至善”的校训，积累了丰富的办学经验，形成了鲜明的办学特色，成为一所学科门类齐全、师资力量雄厚、居国内一流、在国际上有广泛影响的综合性大学。建校迄今，已先后为国家培养了15万多名本科 生和研究生，在厦大学习、工作过的两院院士达60多人。\r\n　　学校设有研究生院和22个学院（含60个系）和10个研究院，拥有14个博士学位授权一级学科，17个硕士学位授权一级学科，134个专业可招收培养博士研究生，219个专业可招收培养硕士研究生，82个专业可招收本科生；拥有5个一级学科和9个二级学科的国家级重点学科（涵盖38个二级国家重点学科），15个博士后流动站，9个国家人才培养基地。\r\n　　学校拥有一支高水平的师资队伍，有专任教师2383人。专任教师中教授、副教授1322人，占全职教师总数的55％（下同）；拥有博士学位的1349人，占56.6％；45岁以下青年教师为1797人，占75.4％。学校共有两院院士21人（其中双聘院士12人），国家“973”、国家重大研究计划项目首席科学家4人，经推荐入围中央引进海外高层次人才“千人计划”6人，国家自然科学基金委员会委员1人，国务院学科评议组成员10人，列入国家“百千万人才工程”人选12人，列入教育部“新（跨）世纪优秀人才培养计划”66人，“国家杰出青年科学基金”获得者27人，“长江学者”特聘教授12人、讲座教授9人；全国高校教学名师奖获得者5人；有3个国家创新研究群体、3个教育部创新团队。', 0, '3', '1952-10-01');
INSERT INTO `college` VALUES ('30', '\r\n哈尔滨工业大学', 599, 699, 'products/1/hebdx.png', '0', '哈尔滨工业大学创建于1920年,坐落在素有“东方莫斯科”之称的北国名城哈尔滨市。隶属于国防科工委。经过87年的建设，现已发展成为一所理工为主，理、工、管、文、经、法相结合，在国际上享有一定声誉的开放式、研究型全国著名重点大学。\r\n　　在各个历史时期，哈工大的发展始终受到国家的重点支持。20世纪50年代，哈工大是我国政府确定的学习苏联先进教育制度的两所院校之一。自1954年成为国家确定的首批6所重点大 学之一以来，一直是国家重点大学。1984年又被国家列为重点建设的15所大学之一，1996年成为首批进入国家“211工程”重点建设的院校之一,1999年被确定为国家“985工程”重点建设的9所大学之一。\r\n　　2000年6月，哈尔滨工业大学与同根同源的哈尔滨建筑大学合并，组建成新的哈尔滨工业大学，两校合并使哈工大的综合实力得到进一步增强。目前，学校设有航天学院、机电工程学院、材料科学与工程学院、能源科学与工程学院、电气工程及自动化学院、理学院、管理学院、人文与社会科学学院、法学院、媒体技术与艺术系、土木工程学院、市政环境工程学院、建筑学院、交通科学与工程学院、计算机科学与技术学院、软件学院、外国语学院、食品科学与工程学院等21个院(系)，以及哈尔滨工业大学(威海)、哈尔滨工业大学深圳研究生院和深圳国际技术创新研究院。学校设有73个本科专业，147个硕士学位点，81个博士学位点，18个博士后流动站，18个具有博士、硕士学位授予权的一级学科和18个国家重点学科，30个国家和省(部)级重点实验室。\r\n　　哈工大是我国最早开展研究生培养工作的高校之一。哈工大研究生院在1995年首次全国研究生院评估中，是受到表彰的十所研究生院之一，并于1999年荣获“全国学位与研究生教育管理工作先进集体”称号。目前，哈工大硕士、博士研究生在校人数已达到1万余人。', 0, '3', '1952-10-01');
INSERT INTO `college` VALUES ('31', '湖北铁道运输职业学院', 420, 229, 'products/1/hbtd.png', '0', '学院校园面积179.8亩，建筑面积5.88万平方米，建有7个现代化实习实训中心、80个实验、实训室、80个多媒体教室，共有教学仪器和实习实训设备1127台套，教学仪器、实习实训设备总价值2634万元。图书馆现有藏书46.053万册。有在校学生4200人，年均培训在职职工3000多人次，主要开设有城市轨道交通车辆、城市轨道交通运营管理、电气化铁道技术、铁道机车车辆、铁道车辆、铁道交通运营管理等特色专业。\r\n近年来，学院始终坚持“特色办校、质量立校、品牌兴校、和谐强校”，立足铁路和城市轨道交通，以校企合作为平台，以订单就业为抓手，内强管理，外拓市场，办学条件日益改善，办学规模日趋扩大，招生就业瓶颈有效破解，教学管理特色凸显，发展后劲得到增强，已成为全国较有影响的铁路和地铁运营人才培养基地。学院是全国唯一在校生全部为高中毕业生的技工院校，也是与地铁公司合作最多、输送毕业生最多的职业院校，还是全国职业院校中委托培养比例最高的学校。“教学过程一体化、技能训练职业化”和“校园文化企业化、班级文化班组化、学生思想员工化”的人才培养模式以及先进的实习实训设备得到了用人单位广泛认可，“招生即招工，读书即上班，上课即上岗”的委托培养理念深受考生、家长好评。学院与武汉地铁、南京地铁、广州地铁、苏州高新有轨电车、珠海城建现代交通有限公司等33家城市轨道交通公司及武汉铁路局、中铁、中铁建等铁路运营和建设单位建立了稳定的校企合作关系。每年有10个以上合作单位下达订单培养计划近1500人。95%的学生高考成绩在高职高专一批线以上，生源地域广泛，综合素质较高。学生就业率在98%以上，95%的学生在入校第一年就落实了毕业后的工作单位，而且用人单位劳动关系稳定、工作环境优良、工资待遇较高。', 0, '2', '1952-10-01');
INSERT INTO `college` VALUES ('33', '河南测绘职业学院', 430, 419, 'products/1/hnhc.png', '0', '郑州测绘学校，是全国唯一的一所测绘地理信息职业学校，1978年由国家测绘总局创办，1987年被国家 教委确定为全国重点中专，并被定为副厅级单位。2000年被教育部命名为国家级重点中专，同年划归省教育厅管理。2012年8月，郑州测绘学校进入国家中职教育改革发展示范校建设行列；10月，河南省政府和国家测绘地理信息局签订共建协议，郑州测绘学校成为全国首所省部（局）共建的中职学校。\r\n\r\n　　学院老校区位于郑州市大学南路1号，占地102亩，建筑面积4.8万平方米；在登封建有占地13亩、建筑面积3000平方米的外业实训基地。在郑东新区获得362亩的新校区建设用地，新校区规划建筑面积20万平方米。现有教职工205人，其中专任教师160人；54位教师具有硕士学位，49位教师具有高级专业技术职务，74位教师具有中级专业技术职务，“双师型”教师73人，全日制中专在校生3623人。', 0, '2', '1952-10-01');
INSERT INTO `college` VALUES ('34', '河南轻工职业学院', 450, 449, 'products/1/heqgy.png', '0', '河南轻工职业学院前身是郑州轻工业学院轻工职业学院。2001年，经河南省政府批准，原省轻工业厅所属的三所国家级重点职业学校——河南省工业设计学校、河南省工艺美术学校、河南省轻工业学校联合成立轻工职业学院，作为郑州轻工业学院高职二级学院举办高等职业教育。\r\n\r\n学院把握高等职业教育发展的特点和规律，加强专业建设，创新培养方式，推进教学改革，提高培养质量，办学质量和效益得到社会好评。至2016年，学院共开设 32个专业，为社会培养合格毕业生三万余人，目前，在校生6000余人。 2017年3月经河南省人民政府（豫政文【2017】26号）批准，国家教育部备案，河南轻工职业学院与郑州轻工业学院剥离，独立举办高等职业教育。 ', 0, '2', '1952-10-01');
INSERT INTO `college` VALUES ('35', '濮阳医学高等专科学校', 379, 369, 'products/1/byyx.png', '0', '濮阳医学高等专科学校位于享有“华夏龙都”、“中华帝都”盛誉的濮阳市, 校区占地685亩，建筑面积17. 8万平方米。2017年上半年经省政府和教育部批准、备案设立。前身为始建于1951年的安阳地区卫生学校，以及后来因行政区划调整设立的濮阳市卫生学校。\r\n学校现有专任教师235人，中高级以上职称163人，研究生学历50人,在校生5400余人。共开设护理、助产、药学等3个大专专业，以及医学检验技术、口腔 修复工艺等8个中专专业。', 0, '2', '1952-10-01');
INSERT INTO `college` VALUES ('36', '日照航海工程职业学院', 459, 399, 'products/1/rzhh.png', '0', '日照航海工程职业学院前身为山东日照海事专修学院，为全省第一所民办航海类非学历高等教育学校，也是鲁东南地区唯一一所具备高级船员培养资质的航海院校。\r\n学院地处日照大学科技园区，东邻大海，北依青山，远离工业区，无空气和噪音污染。校园内湖水荡漾，植被葱笼，花香鸟语，是学习生活的理想场所。学院航海职业教育办学历史悠久，底蕴深厚。学院前身可追溯到1998年设立的日照船员培训中心，2003年建立日照航海技术学校 ；2004年经省教育厅批准建立日照海事专修学院。学院先后5年荣获“中国十佳船员培训学校”，获得第六届“航运在线品牌院校”、“船员最信赖的学校”等荣誉称号。', 0, '2', '1952-10-01');
INSERT INTO `college` VALUES ('36F883046A60498C9007F9A943821481', '宿迁职业技术学院', 500, 500, 'products/5/E/E051E59966E44821860876D18694E828.jpg', '2019-05-02 17:11:50', '1', 555, '0', '1');
INSERT INTO `college` VALUES ('37', '烟台黄金职业学院', 220, 399, 'products/1/ythj.png', '0', '学院坐落在“中国金都”——招远市滨海新区，北临渤海，近靠海岸，紧邻烟台港、龙口港，荣乌高速、国道206线、省道215、304线在境内交汇，距烟台蓬莱国际机场不足50公里,海陆空交通便利，气候宜人。\r\n\r\n学院由山东招金集团有限公司投资举办，山东招金集团有限公司成立于1974年，是 市属国有企业，产业覆盖“黄金矿业、非金矿业、黄金交易及深加工、高新技术产业、房地产和金融业”六大板块，旗下的招金矿业于2006年在香港主板市场成功上市，形成集上市公司、全资、控股、参股等公司于一体的大型综合性集团公司，总资产438亿元人民币，职工1.5万人，2016年完成销售收入455亿元,实现利税10.58亿元，连续十二年入选“中国企业500强”，品牌价值达到232亿元。', 0, '2', '1952-10-01');
INSERT INTO `college` VALUES ('3EB5035A3F2040F8BDE0783CFE7AF0E3', '宿迁职业技术学院', 500, 500, 'products/8/6/B58258A8CCF344219FDFBC8CDA9B9005.jpeg', '2019-05-02 17:12:40', '1', 333, '0', '1');
INSERT INTO `college` VALUES ('4', '抚州幼儿师范高等专科学校', 219, 199, 'products/1/fzye.png', '0', '抚州幼儿师范高等专科学校（前身为东华理工大学行知分院、崇仁师范学校）是经江西省人民政府批准、教育部备案的一所培养大专层次小学和幼儿园师资的公办师范类专科学校。学校坐落在素有“才子之乡”“文化之邦”美誉的江西省抚州市，占地面积620亩，第一期建筑面积22万平方米,距南昌市区100公里。\r\n建校以来，学校始终高扬师范教育旗帜，坚持“以德树人、全面发展”的育人思想，形成了“团结、勤奋、务实、创新” 的优良 校风，为社会培养输送了20000余名毕业生，培训中小学校长200多人、中小学各科骨干教师近4000人。目前在校生6500人、教职工200余人。\r\n学校开设学前教育、小学教育、语文教育、艺术教育、科学教育5个专业，拥有现代化的教学设施和各专业教学所需实训室。图书馆藏书 40多万册，报刊近600 种,钢琴房400多间。学生毕业发全日制国家统招计划师范类专科（大专）文凭，学生参加相应资格和等级考试，可获得教师资格证、英语等级证书、计算机等级证、普通话等级证书等。', 0, '2', '1952-10-01');
INSERT INTO `college` VALUES ('42', '上饶幼儿师范高等专科学校', 259, 299, 'products/1/srye.png', '0', '经江西省人民政府批准(赣府字【2017】6号），上饶幼儿师范高等专科学校于2017年2月6日成立，其前身为上饶师范学院小学教育师范分院。\r\n\r\n学校地处上饶市信州区三江教育片区，与上饶师范学院和江西医学高等专科学校毗邻，占地面积454.31亩，总建筑面积21.26万平方米，交通便捷，环境优美，设施齐全。特别是学前教育教学楼、实训楼、艺术楼等彰显了学校致力于幼儿教育的特色，学校正在按照培养合格幼儿教师的 办学目标，打基础、提质量、深改革、创特色，实现良好开局。 \r\n\r\n学校现有专任教师237人，其中正高级职教师称7人，副高级职称教师90人；实现了教师本科学历全覆盖，其中具博士学位者1人，具硕士学位者97人，特级教师3人。 适合教学所需仪器设备总价值2053.9万元，生均5072.5元。适用纸质图书32.7万册，生均80.84册；电子图书30.33万册；配有金盘图书管理系统。 \r\n', 0, '2', '1952-10-01');
INSERT INTO `college` VALUES ('44', '\r\n赣南卫生健康职业学院', 319, 309, 'products/1/jxws.png', '0', '赣南卫生健康职业学院是一所全日制医药健康类高等职业院校，隶属赣州市人民政府。2016年3月，经江西省人民政府批准设立，并于同年4月经教育部备案。\r\n\r\n学院位于赣州市蓉江新区高校园区，现占地面积780亩，建筑总面积18.84万㎡，其中教学楼4万㎡、实验楼3.6万㎡、图书馆1.4万㎡、学生食堂1.1万㎡、学生宿舍5万㎡及其它附属设施。图书馆藏书26.5万册，其中电子图书5万册。建有先进的计算机机房、多媒 体教室、语音教室及400米标准塑胶跑道运动场；教学仪器设备总值达5200万元；现有校外实训基地160余家。\r\n\r\n学院拥有一支年龄和学历结构合理、教育教学水平较高的师资队伍。现有教职工366人，其中硕士研究生以上学历91人，副高以上职称81人，“双师型”教师88人，全国职业教育名师1人，省级优秀教学团队1个，省、市级“五一劳动奖章”4人，省级“巾帼标兵”1人，赣州市特殊津贴专家和教育专家8人，13名教师在国家、省、市各类学术团体和协会担任重要职务。', 0, '2', '1952-10-01');
INSERT INTO `college` VALUES ('46', '福州墨尔本理工职业学院', 329, 319, 'products/1/fzmeb.png', '0', '福州墨尔本理工职业学院（原闽江学院爱恩国际学院）是闽江学院与澳大利亚墨尔本理工学院两所公立大学合作举办的高等国际学院（办学许可证编号：GOV35AUA03INR20170936N），是福建省经国家教育部批准的唯一实施高等学历教育的中外合作办学机构，已有18年中外合作办学历史。2017年1月，学院获教育部正式批复为具有独立法人资格的福州墨尔本理工职业学院，成为全国第十二家、福建省首家独立设置的中外合 作办学机构，也是目前全国唯一实施副学士学位教育的中外合作办学高校。\r\n\r\n学院的成立具有积极的意义。学院是习近平总书记在福建担任省长期间，积极推动与澳大利亚塔斯马尼亚州友好省州关系的背景下成立的。学院按照时任中共福州市委书记并兼任原闽江职业大学校长期间，习总书记提出的“不求最大，但求最优，但求适应社会需要”的办学理念，积极引进国际优质教育资源，中外合作培养高素质的国际化人才。学院的成立顺应了当地社会经济发展对国际化人才的迫切需求，对“六区叠加”背景下的福建、福州开放开发建设具有重大的战略意义。', 0, '2', '1952-10-01');
INSERT INTO `college` VALUES ('47', '\r\n浙江安防职业技术学院', 299, 499, 'products/1/zjaf.png', '0', '福州墨尔本理工职业学院（原闽江学院爱恩国际学院）是闽江学院与澳大利亚墨尔本理工学院两所公立大学合作举办的高等国际学院（办学许可证编号：GOV35AUA03INR20170936N），是福建省经国家教育部批准的唯一实施高等学历教育的中外合作办学机构，已有18年中外合作办学历史。2017年1月，学院获教育部正式批复为具有独立法人资格的福州墨尔本理工职业学院，成为全国第十二家、福建省首家独立设置的中外合 作办学机构，也是目前全国唯一实施副学士学位教育的中外合作办学高校。\r\n\r\n学院的成立具有积极的意义。学院是习近平总书记在福建担任省长期间，积极推动与澳大利亚塔斯马尼亚州友好省州关系的背景下成立的。学院按照时任中共福州市委书记并兼任原闽江职业大学校长期间，习总书记提出的“不求最大，但求最优，但求适应社会需要”的办学理念，积极引进国际优质教育资源，中外合作培养高素质的国际化人才。学院的成立顺应了当地社会经济发展对国际化人才的迫切需求，对“六区叠加”背景下的福建、福州开放开发建设具有重大的战略意义。', 0, '2', '1952-10-01');
INSERT INTO `college` VALUES ('49', '江苏旅游职业学院', 399, 299, 'products/1/jsly.png', '0', '江苏旅游职业学院坐落在获得“联合国最佳人居环境奖”的历史文化名城——江苏省扬州市，老校区位于扬子津科教园区内。\r\n\r\n江苏旅游职业学院新校区位于扬州市古运河东、九龙湖西南侧，占地845亩，规划建筑面积24万平方米，由扬州市政府负责规划并出资建设，另外配套建设一座不低于四星级标准的酒店作为学院的实训基地。去年，我市已将江苏旅游职业学院列入重点建设工程。2016年8月，新校区建设动工，预计将于2017年完 成一期工程建设，2018年完成新校区建设任务。\r\n\r\n新校区规划面积850亩。规划建筑面积为24万平方米+实习酒店，其中一期为18万平方米，包括五个中心、五个学院； 二期为6万平方米，包括二个学院及研究生教育建筑；实习酒店40000平方米。建筑方案和施工图只做一期设计，总投资约10亿。', 0, '2', '1952-10-01');
INSERT INTO `college` VALUES ('5', '江苏安全技术职业学院', 199, 199, 'products/1/jsaq.png', '0', '江苏安全技术职业学院（Jiangsu Security Technology Career Academy），是江苏省人民政府批准的省属全日制普通高校。学院是江苏省教育厅、江苏省安监局主管的全额拨款事业单位。学校始建于1978年，坐落在徐州市东郊，现有贾汪、云龙两个校区，占地508亩，建筑面积21余万平米，教学设备总值2.2亿，教职工503人，全日制在校生15700余人。\r\n\r\n学院以开设安全技术与管 理（专业代码：520904）、 电子商务（专业代码：630801）、 数控技术（专业代码：560103）、电梯工程技术（专业代码：560308）、新能源汽车运用与维修（专业代码：600212）、信息安全与管理（专业代码：610211）等6个三年制高职专业。', 0, '2', '1952-10-01');
INSERT INTO `college` VALUES ('50', '江苏航空职业技术学院', 299, 299, 'products/1/jshk.png', '0', '江苏航空职业技术学院（简称江苏航院）是经江苏省人民政府批准成立、国家教育部备案的一所全日制专科层次普通高等学校，是江苏省首家航空类高职院校。学院坚持走集群发展、特色发展之路，努力打造航空工程、航空飞行（服务）等特色专业群。学院是全国航空工业职业教育教学指导委员会委员单位、全国航指委无人机专业指导委员会主任单位。\r\n\r\n学院坐落于中国历史文化名城镇江，地处宁镇扬都市圈，位于长江与京杭大运河十字黄金水道的 交汇处，高铁距离南京20分钟、上海40分钟的车程。校区坐落于长江之滨、 圌山脚下的国家级经济技术开发区，学院环境优美，占地700亩，建筑面积近15万平方米，具备一流的教育、教学及生活条件。 学院视学生为亲人，每年投入300多万元设立多种奖助学金，用于奖励优秀学生、帮助困难学生。实行半军事化管理，锤炼学生吃苦耐劳、严谨务实的作风，在“严要求、严管理”的同时为学生提供优质全面的学习、生活指导和服务。', 0, '2', '1952-10-01');
INSERT INTO `college` VALUES ('51720F816DDA43DDBAFD68E48C60F716', '苏州幼儿师范高等专科学校', 429, 399, 'products/1/szye.png', '1', '苏州幼儿师范高等专科学校（Suzhou Early Childhood Education College），简称“苏州幼高专”（亦称：苏州幼师、苏州幼专），是经江苏省人民政府批准独立设置的一所公立高等专科学校。\r\n\r\n学校坐落于中国历史文化名城——苏州，校址位于苏州市相城教育园区，地处阳澄湖畔。学校占地面积310亩，建筑面积8.3万平方米。\r\n学校办学历史悠久，始建于 1976 年，当时校名为苏州地区 幼儿师范学校，开创了苏州地区的幼儿师范教育先河；1983年改名为江苏省苏州幼儿师范学校； 2005年10月经江苏省人民政府批准更名为苏州高等幼儿师范学校。\r\n\r\n2016年1月29日江苏省人民政府公开发文：《关于同意建立苏州幼儿师范高等专科学校的批复》，标志着一所培养学前师资为主，职前职后培训一体的新型独立的幼儿师范高等专科学校的建立。\r\n\r\n苏州幼儿师范高等专科学校位于苏州市相城区教育园区，地处阳澄湖畔。学校占地面积310亩，建筑面积8.3万平方米。校园极其现代江南水乡特色，“水、桥、亭”融合的空间格局、“黑、白、灰”组合的民居色彩、“轻、秀、雅”构成的建筑风格、“情、趣、神”勾勒的文化意境。', 0, '5', '1952-10-01');
INSERT INTO `college` VALUES ('5FAF006667B54450A60C5F3969980834', '盐城幼儿师范高等专科学校', 356, 320, 'products/1/ycsf.png', '1', '盐城幼儿师范高等专科学校是经国家教育部批准设置的全日制公办普通高等学校，坐落在享有“东方湿地之都，仙鹤神鹿世界”美誉的历史文化名城——盐城。\r\n\r\n学校位于盐城市高职园区，分南、北两个校区，占地1103亩，校园建筑面积20多万平方米，拥有一流的育人师资、先进的教学设备和完善的生活设施。\r\n\r\n“十二五”以来，学校在省师范生基本功大赛和省市职业技能大赛中屡创佳绩，获得省教育厅颁发的“高技能人才摇篮奖”等荣誉称号。2013年起承担盐城市免费男幼师本土培养工作，学校“幼教绅士”的人才培养特色得到社会各界高度赞誉。', 0, '5', '1952-10-01');
INSERT INTO `college` VALUES ('6', '吉林职业技术学院', 189, 199, 'products/1/jlzy.png', '0', '吉林职业技术学院位于延边朝鲜族自治州龙井市环境优美的海兰江畔，是经吉林省人民政府批准教育部备案的全日制普通高等院校（专科），计划内全国统招，于2015年9月建校。 龙井市地处长吉图战略发展核心地带，是一座物华天宝、山环水绕的美丽边城。 我国最大的苹果梨基地，享有苹果梨之乡的美誉。文化底蕴厚重。交通便捷，四通发达， 国际国内航线、高速铁路、高速公路，贯通周边，到省会长春车程约两小时。龙井市 是重要的 边境口岸和商品出口基地。毗邻朝鲜，东望日本。\r\n吉林职业技术学院校园松杉叠翠，环境优雅，拥有先进配套的教学设施和高素质 的师资队伍。适应调结构、转方式进一步促进延边地区经济社会发展。学院开设高职 26个专业，主要对接现代服务业，培养生产服务第一线的技术技能型人才。\r\n\r\n吉林职业技术学院位于延边朝鲜族自治州龙井市环境优美的海兰江畔，是经吉林 省人民政府批准教育部备案的计划内全日制普通高等院校（专科）。\r\n根据《教育部关于积极推进高等职业教育考试招生制度改革的指导意见》吉林职业技术学院是吉林省单独招生院校。规定凡通过单独招生被录取的学生，不再参加全国统一高考。 其学籍注册、收费、学生管理、毕业待遇等方面与参加全国统一高考录取的考生待遇完全相同。通过单独招生未被录取的考生可继续参加全国统考，正常填报志愿。单独招生考试由本校自主命题。报名时间、考试时间及考试地点以当年吉林省教育考试院公布为准。\r\n龙井市地处长吉图战略发展核心地带，是一座物华天宝、山环水绕的美丽边城。 我国最大的苹果梨基地，享有苹果梨之乡的美誉。文化底蕴厚重。交通便捷，四通发达， 国际国内航线、高速铁路、高速公路，贯通周边，到省会长春车程约两小时。龙井市 是重要的边境口岸和商品出口基地。毗邻朝鲜，东望日本。\r\n吉林职业技术学院校园松杉叠翠，环境优雅，拥有先进配套的教学设施和高素质 的师资队伍。适应调结构、转方式进一步促进延边地区经济社会发展。学院开设高职 26个专业，主要对接现代服务业，培养生产服务第一线的技术技能型人才', 0, '5', '1952-10-01');
INSERT INTO `college` VALUES ('6F6D62C23F2C4FB48F7EEB7D46F0F64D', '阳泉职业技术学院', 499, 299, 'products/1/yqzy.png', '1', '阳泉职业技术学院，位于山西省阳泉市，正在筹建中，一所以工科为主，兼有经、管、法等学科的普通高等专科院校，拟定于2018年6月在山西省首次招生，2018年9月将迎来学院首批学子，阳泉职业技术学院是新建大专，由阳泉市工业学校，阳泉市卫生学校，阳泉市交通职业学校，阳泉市职业中专学校四校合一。其中有两个学校是国家级重点中等职业学校，一个学校是省级重点中等职业学校 ，组成成分雄厚。\r\n\r\n建成后的阳泉职业技术学 院将围绕制造、资源开发与测绘、材料与能源、电子信息、土建和财经六个大类，高起点进行专业设置，主要分两期进行；学院建立初期，首次招生计划设置煤矿开采技术、数控技术、机电一体化、材料工程技术、计算机网络技术、会计、建筑工程技术和汽车检测与维修等8个骨干专业，3年后，再以重点专业引领，相关专业支撑，拓展专业群和专业领域，逐步形成20～25个专业规模，特色鲜明，以工为主，经管结合，协调发展的专业设置格局。\r\n\r\n2014年阳泉市政府召开第25次常务会指出，建设阳泉职业技术学院新校区，有利于加快发展现代职业教育，为我市转型跨越发展提供人才保障。要抓住高等职业技术教育发展的机遇，加强协调配合，明确部门职责，完善有关手续，确保学院建设加快推进。新的阳泉市职业技术学院正在筹建中。', 0, '5', '1952-10-01');
INSERT INTO `college` VALUES ('7', '曹妃甸职业技术学院', 499, 398, 'products/1/cfd.png', '0', '曹妃甸职业技术学院是国家教育部同意设立的一所普通高等专科学校，也是中国唯一由联合国教科文组织设立“世界职业教育培训基地”的国际化院校。\r\n\r\n学校是坐拥“北京出海口，首都新空间”区位优势的共享型高校，是北京曹妃甸国际职教城内示范性高校，是京津冀协同发展示范区内的协同型高校，校区位于美丽的渤海之滨唐山湾，与北京、天津均在一小时交通圈内，紧邻华北理工大学，面朝渤海，傍依溯河，环境优美，气候宜人。\r\n\r\n学 校追求高品格、高品位、高品质，走高位发展、特色发展、创新发展之路，集中投资20亿元，建成占地1600亩、建筑面积达45万平方米的崭新校园。学校教育设施先进，已投资5000万元建成了世界先进、国内一流的护理与健康实训中心，建有校内专业配套实验实训室9个，校外实训基地115个，同时开发建设智慧校园系统与现代化生活服务设施，可为万名师生提供舒适健康的学习、生活、工作环境，育人氛围浓厚。', 0, '5', '1952-10-01');
INSERT INTO `college` VALUES ('70F9A2CFD95E438B8C9022DC2EDAE45B', '唐山幼儿师范高等专科学校', 399, 299, 'products/1/dsyey.png', '1', '唐山幼儿师范高等专科学校（原河北滦师）是经教育部批准独立设置的一所国办高等专科学校，是河北省仅有的３所幼儿师范高等专科学校之一。学校始建于1910年，始称直隶第三初级师范学堂；2001年经河北省教育厅批准，更名为唐山师范学院滦州分校。2016年2月经河北省人民政府同意更名为唐山幼儿师范高等专科学校，2016年４月学校经教育部备案正式成为独立高等专科学校。\r\n学校坐落于研山脚下、滦水之滨，位于深蕴三千 年历史文化的滦州古城的中心，是一所拥有百年历史的冀东名校。\r\n学校具有光荣的革命历史。建校之初，这里曾是辛亥滦州起义的策源地，在党的领导下，在历次革命斗争中，有30多名学生献出了宝贵的生命，培养出了以革命英烈高朗豁、吴绍周，河北省人民政府首任主席杨秀峰和著名考古学家裴文中为代表的大批优秀人才。\r\n学校具有优良的办学传统。解放前向社会输送了1343名毕业生，在冀东大地播下了发展民族教育的种子；五十年代形成了音、体、美、劳作“小四门”基本功过硬的特色，以其治校严、校风正、质量高创出了享誉冀东、名传河北的“老滦牌”；进入八十年代，学校以“崇德、敬业、求实、创新”为校训，坚持面向农村、面向小学的办学方向，教学改革稳步前进，1991年学校受国家教委表彰，颁发“为基础教育培养合格师资，方向明确，成绩显著”奖状，在1994年“国检”中被誉为“燕赵明珠、中师奇葩”；1997年，被国家教委确定为素质教育示范校。\r\n学校占地300亩，建有高标准教学楼、音乐楼、艺术楼、图书馆、学生宿舍楼，大学生综合服务中心等，总建筑面积7.5万平方米，学校固定资产4000多万元，教学设备价值1162.8万元；馆藏图书11.3865万册。学校拥有教学用计算机374台，多媒体教学设备69套，多媒体教室实现了班班通；配备了录播教室、语音室、电钢教室、声乐教室、舞蹈厅、钢琴房、蒙台梭利教法实训室、奥尔夫音乐教法实训室、绘画室、手工室等专业教育教室。标准化体育场建有塑胶跑道、足球场，拥有篮球、排球、羽毛球、网球等专用场地。\r\n学校有稳固的校内外实训基地。作为校内实训基地，建有按照省级示范园的标准建成的3600平米的附属幼儿园，内设教室、儿童午休室、活动室、实验室、多媒体教室、舞蹈厅、多功能厅、各类体验屋、医务室、食堂、餐厅等功能室。学校在北京、唐山、秦皇岛等地建设了110个校外实训基地，能满足学前教育专业学生实习的需要。', 0, '5', '1952-10-01');
INSERT INTO `college` VALUES ('71', '华东师范大学', 663, 653, 'products/1/hdsf.png', '0', '学校创建于1951年10月16日，是以大夏大学、光华大学为基础，同时调进复旦大学和同济大学等院校的部分系科，在大夏大学原址上创办的新中国第一所社会主义师范大学。 1959 年华东师范大学就被确定为全国首批 16 所重点院校之一， 1978 年再次被确认为全国重点大学，是 1986 年国务院批准首批建立研究生院的 33 所高等院校之一。 1996 年通过 “211 工程 ” 预审并被列入国家重点建设 大学行列。 2006 年教育部和上海市决定重点共建华东师范大学，学校在建设世界知名的高水平研究型大学的道路上迈出了坚实步伐。\r\n　　学校地处上海，现有闵行校区和中山北路校区，校园占地总面积 3,100 余亩，分别坐落在上海市闵行区和普陀区，校园环境幽美，素有 “ 花园学府 ” 之美誉。\r\n　　学校目前设置有人文社会科学学院、教育科学学院、公共管理学院、学前教育与特殊教育学院、外语学院、商学院、东方房地产学院、对外汉语学院、传播学院、艺术学院、设计学院、体育与健康学院、理工学院、资源与环境科学学院、生命科学学院、信息科学技术学院、软件学院、职业技术学院 18 个全日制学院，继续教育学院和网络教育学院 2 个管理型学院，河口海岸', 0, '4', '1952-10-01');
INSERT INTO `college` VALUES ('7186E2AAB53F404E87591C3D8D9DF1F2', '三亚中瑞酒店管理职业学院', 299, 499, 'products/1/sy.png', '1', '三亚中瑞酒店管理职业学院是一所由海南省人民政府批准设立的全日制普通专科院校，学院位于享有“国家海岸”美誉的海南省三亚市海棠湾，毗邻三亚国际免税城和海棠湾国际酒店带，占地面积362亩，总投资13亿元。学院由中国交通建设集团有限公司投资建设，瑞士洛桑酒店管理学院学术认证，北京中瑞酒店管理学院运营管理，开设酒店管理、国际邮轮乘务管理、西餐工艺、旅游管理（线上营销方向）四个专业及专业方向。\r\n\r\n中国交通建设集团有限公司投资建设\r\n学院由世界500强企业——中国交通建设集团有限公司（以下简称：中国交建）投资建设。中国交建立足于海南国际旅游岛建设和全域旅游示范省建设大局，积极承担为社会培养和输送实用型人才的重任，为学生就业提供全面保障。', 0, '5', '1952-10-01');
INSERT INTO `college` VALUES ('99A915F51B9E42D1BDAA5CC3FB86052A', '齐鲁音乐学院', 500, 500, 'products/0/F/7304130959EC42739C7DC4A0A1153575.jpeg', '2019-05-02 17:15:24', '1', 333, '0', '1');
INSERT INTO `college` VALUES ('CAE1AB3609994CCBBEDDCE6689A9FAC7', '宿迁职业技术学院', 500, 500, 'products/F/A/0D21DA1B3E18419A84AB7DD32F500DF0.jpeg', '2019-05-02 17:13:34', '1', 666, '0', '1');

-- ----------------------------
-- Table structure for favorite
-- ----------------------------
DROP TABLE IF EXISTS `favorite`;
CREATE TABLE `favorite`  (
  `fid` varchar(32) CHARACTER SET utf8 COLLATE utf8_general_ci NOT NULL,
  `uid` varchar(32) CHARACTER SET utf8 COLLATE utf8_general_ci NULL DEFAULT NULL COMMENT '用户id',
  `pid` varchar(32) CHARACTER SET utf8 COLLATE utf8_general_ci NULL DEFAULT NULL COMMENT '商品id',
  PRIMARY KEY (`fid`) USING BTREE
) ENGINE = InnoDB CHARACTER SET = utf8 COLLATE = utf8_general_ci ROW_FORMAT = Compact;

-- ----------------------------
-- Records of favorite
-- ----------------------------
INSERT INTO `favorite` VALUES ('4F5783FD3ED44D0DA5FCDD3718451955', '3ca76a75e4f64db2bacd0974acc7c897', '15');
INSERT INTO `favorite` VALUES ('5C345AAAEB2449EF9D58309C23655A69', '3ca76a75e4f64db2bacd0974acc7c897', '23');
INSERT INTO `favorite` VALUES ('7D207E9EE3FE47779E8C5F879D14E7F5', '3ca76a75e4f64db2bacd0974acc7c897', '23');
INSERT INTO `favorite` VALUES ('BA6E1A867967484BB4607F1FFD2D00C4', '3ca76a75e4f64db2bacd0974acc7c897', '16');
INSERT INTO `favorite` VALUES ('DA0D33D1A1774FD88EC9DD467B5B076A', '3ca76a75e4f64db2bacd0974acc7c897', '50');

-- ----------------------------
-- Table structure for user
-- ----------------------------
DROP TABLE IF EXISTS `user`;
CREATE TABLE `user`  (
  `uid` varchar(32) CHARACTER SET utf8 COLLATE utf8_general_ci NOT NULL,
  `username` varchar(20) CHARACTER SET utf8 COLLATE utf8_general_ci NULL DEFAULT NULL,
  `password` varchar(20) CHARACTER SET utf8 COLLATE utf8_general_ci NULL DEFAULT NULL,
  `name` varchar(20) CHARACTER SET utf8 COLLATE utf8_general_ci NULL DEFAULT NULL,
  `email` varchar(30) CHARACTER SET utf8 COLLATE utf8_general_ci NULL DEFAULT NULL,
  `telephone` varchar(20) CHARACTER SET utf8 COLLATE utf8_general_ci NULL DEFAULT NULL,
  `birthday` date NULL DEFAULT NULL,
  `sex` varchar(10) CHARACTER SET utf8 COLLATE utf8_general_ci NULL DEFAULT NULL,
  `state` int(11) NULL DEFAULT NULL,
  `code` varchar(64) CHARACTER SET utf8 COLLATE utf8_general_ci NULL DEFAULT NULL,
  PRIMARY KEY (`uid`) USING BTREE
) ENGINE = InnoDB CHARACTER SET = utf8 COLLATE = utf8_general_ci ROW_FORMAT = Compact;

-- ----------------------------
-- Records of user
-- ----------------------------
INSERT INTO `user` VALUES ('0C3BE4F2FB2A478BA5AD1243EBFC3D9C', 'aaa', '111222', '林书豪', '1172688785@qq.com', NULL, '2019-05-24', '1', 1, '194B0E2BD11144079D9B3FF13371ACFE');
INSERT INTO `user` VALUES ('176D7F35AF714E6D96251D5F08F96703', 'zff', '111222', '李庆瑞', '1172688785@qq.com', NULL, '2019-05-01', '1', 0, '0530DF00EE4145118331056D35F43EF9');
INSERT INTO `user` VALUES ('373eb242933b4f5ca3bd43503c34668b', 'ccc', 'ccc', 'aaa', 'bbb@store.com', '15723689921', '2015-11-04', '男', 1, '9782f3e837ff422b9aee8b6381ccf927bdd9d2ced10d48f4ba4b9f187edf7738');
INSERT INTO `user` VALUES ('3ca76a75e4f64db2bacd0974acc7c897', 'bb', 'bb', '张三', 'bbb@store.com', '15723689921', '1990-02-01', '男', 1, '1258e96181a9457987928954825189000bae305094a042d6bd9d2d35674684e6');
INSERT INTO `user` VALUES ('62145f6e66ea4f5cbe7b6f6b954917d3', 'cc', 'cc', '张三', 'bbb@store.com', '15723689921', '2015-11-03', '男', 0, '19f100aa81184c03951c4b840a725b6a98097aa1106a4a38ba1c29f1a496c231');
INSERT INTO `user` VALUES ('9E24F811581C47F2B8A8AF6D273FDFE3', 'zff', '111222', '郑浪', '1172688785@qq.com', NULL, '2019-05-15', '1', 1, '365BB5F63BB443388C12B73A97D45748');
INSERT INTO `user` VALUES ('9EA4B9601F5E4A8FB31C54AB9005A1B5', 'jerry', '12345a', '杰瑞', '804910453@qq.com', NULL, '1998-01-22', '0', 1, '63246A85CCEE4988A46507FA7B3CCEA2');
INSERT INTO `user` VALUES ('c95b15a864334adab3d5bb6604c6e1fc', 'bbb', 'bbb', '老王', 'bbb@store.com', '15712344823', '2000-02-01', '男', 0, '71a3a933353347a4bcacff699e6baa9c950a02f6b84e4f6fb8404ca06febfd6f');
INSERT INTO `user` VALUES ('DCFFBFEF3DDA4E4A9E15D3512389B755', 'eee', '111222', '郑浪', '1172688785@qq.com', NULL, '2019-05-16', '0', 1, 'DAE0E89403734ADA8550513AA52095FC');
INSERT INTO `user` VALUES ('f55b7d3a352a4f0782c910b2c70f1ea4', 'aaa', 'aaa', '小王', 'aaa@store.com', '15712344823', '2000-02-01', '男', 1, NULL);

-- ----------------------------
-- Table structure for zyinfo
-- ----------------------------
DROP TABLE IF EXISTS `zyinfo`;
CREATE TABLE `zyinfo`  (
  `zyid` int(32) NOT NULL AUTO_INCREMENT,
  `name` varchar(255) CHARACTER SET utf8 COLLATE utf8_general_ci NULL DEFAULT NULL,
  `sex` varchar(255) CHARACTER SET utf8 COLLATE utf8_general_ci NULL DEFAULT NULL,
  `idcard` varchar(255) CHARACTER SET utf8 COLLATE utf8_general_ci NULL DEFAULT NULL,
  `birthday` varchar(255) CHARACTER SET utf8 COLLATE utf8_general_ci NULL DEFAULT NULL,
  `sbcard` varchar(255) CHARACTER SET utf8 COLLATE utf8_general_ci NULL DEFAULT NULL,
  `home` varchar(255) CHARACTER SET utf8 COLLATE utf8_general_ci NULL DEFAULT NULL,
  `st` varchar(255) CHARACTER SET utf8 COLLATE utf8_general_ci NULL DEFAULT NULL,
  `zzmm` varchar(255) CHARACTER SET utf8 COLLATE utf8_general_ci NULL DEFAULT NULL,
  `mz` varchar(255) CHARACTER SET utf8 COLLATE utf8_general_ci NULL DEFAULT NULL,
  `province1` varchar(255) CHARACTER SET utf8 COLLATE utf8_general_ci NULL DEFAULT NULL,
  `address1` varchar(255) CHARACTER SET utf8 COLLATE utf8_general_ci NULL DEFAULT NULL,
  `province2` varchar(255) CHARACTER SET utf8 COLLATE utf8_general_ci NULL DEFAULT NULL,
  `address2` varchar(255) CHARACTER SET utf8 COLLATE utf8_general_ci NULL DEFAULT NULL,
  `phone` varchar(255) CHARACTER SET utf8 COLLATE utf8_general_ci NULL DEFAULT NULL,
  `otherphone` varchar(255) CHARACTER SET utf8 COLLATE utf8_general_ci NULL DEFAULT NULL,
  `school` varchar(255) CHARACTER SET utf8 COLLATE utf8_general_ci NULL DEFAULT NULL,
  `worl` varchar(255) CHARACTER SET utf8 COLLATE utf8_general_ci NULL DEFAULT NULL,
  `graduationtime` varchar(255) CHARACTER SET utf8 COLLATE utf8_general_ci NULL DEFAULT NULL,
  `schooling` varchar(255) CHARACTER SET utf8 COLLATE utf8_general_ci NULL DEFAULT NULL,
  `degree` varchar(255) CHARACTER SET utf8 COLLATE utf8_general_ci NULL DEFAULT NULL,
  `bz` varchar(255) CHARACTER SET utf8 COLLATE utf8_general_ci NULL DEFAULT NULL,
  PRIMARY KEY (`zyid`) USING BTREE
) ENGINE = InnoDB AUTO_INCREMENT = 4 CHARACTER SET = utf8 COLLATE = utf8_general_ci ROW_FORMAT = Compact;

-- ----------------------------
-- Records of zyinfo
-- ----------------------------
INSERT INTO `zyinfo` VALUES (1, '', 'false', '41.', '2018-02-01', '41.', '完整', '健康', '0', '0', '北京市', '详细地址', '北京市', '详细地址', '158.', '其他联系方式', '毕业院校 (非必填项)', '理科', '毕业时间 (必填项)', '学历 (必填项)', '学位 (必填项)', 'other');
INSERT INTO `zyinfo` VALUES (2, '', 'false', '41.', '2018-02-01', '41.', '完整', '健康', '0', '0', '北京市', '详细地址', '北京市', '详细地址', '158.', '其他联系方式', '毕业院校 (非必填项)', '理科', '毕业时间 (必填项)', '学历 (必填项)', '学位 (必填项)', 'other');
INSERT INTO `zyinfo` VALUES (3, '', 'false', '41.', '2018-02-01', '41.', '完整', '健康', '0', '0', '北京市', '详细地址', '北京市', '详细地址', '158.', '其他联系方式', '毕业院校 (非必填项)', '理科', '毕业时间 (必填项)', '学历 (必填项)', '学位 (必填项)', 'other');

SET FOREIGN_KEY_CHECKS = 1;
